external_id,source_portal,source_url,title,description,offer_type,price,area,rooms,floor,year_built,has_elevator,is_accessible,location,address,district_id,noise_db_min,noise_db_max
68042758,otodom,https://www.otodom.pl/pl/oferta/2-pokoje-przymorze-dostepne-od-czerwca-ID4Bw1Q,2 pokoje | Przymorze | dostępne od czerwca,,rent,4000,44.95,TWO,,,,,,pomorskie,,,
68042660,otodom,https://www.otodom.pl/pl/oferta/3-pokoje-klimatyzacja-miejsce-w-hali-garazowej-ID4Bw0g,"3 pokoje, klimatyzacja, miejsce w hali garażowej",,rent,2800,50,THREE,,,,,,pomorskie,,,
65838712,otodom,https://www.otodom.pl/pl/oferta/great-for-students-cozy-standard-studio-50-off-1-month-ID4sfEI,GREAT FOR STUDENTS / Cozy Standard Studio- 50% Off 1 month,,rent,1990,24.5,ONE,,,,,,pomorskie,,,
67357466,otodom,https://www.otodom.pl/pl/oferta/pierwszy-miesiac-50-taniej-wyjatkowa-oferta-w-noli-gdansk-wrzeszcz-ID4yCKK,Pierwszy miesiąc 50% TANIEJ – wyjątkowa oferta w Noli Gdańsk Wrzeszcz,,rent,3000,30,TWO,,,,,,pomorskie,,,
65847815,otodom,https://www.otodom.pl/pl/oferta/przytulne-studio-compact-media-w-cenie-ostatnie-dni-promocji-ID4si1x,Przytulne studio Compact | Media w cenie- OSTATNIE DNI PROMOCJI!,,rent,2000,20.5,ONE,,,,,,pomorskie,,,
67357548,otodom,https://www.otodom.pl/pl/oferta/noli-gdansk-wrzeszcz-ID4yCM4,Noli Gdańsk Wrzeszcz,,rent,,,,,,,,,pomorskie,,,
65431394,otodom,https://www.otodom.pl/pl/oferta/kawalerki-wolne-od-1lipca-2024-gdansk-przymorze-ID4qxH4,Kawalerki wolne od 1lipca 2024 - Gdańsk Przymorze,,rent,2400,20,ONE,,,,,,pomorskie,,,
63821360,otodom,https://www.otodom.pl/pl/oferta/piekne-mieszkanie-niepolomicka-ID4jMQM,Piękne mieszkanie Niepołomicka,,rent,4500,58,THREE,,,,,,pomorskie,,,
67226968,otodom,https://www.otodom.pl/pl/oferta/studio-centrum-gdanska-silownia-sauna-coworking-elastyczny-najem-ID4y4NV,"Studio centrum Gdańska | Siłownia, Sauna, Coworking | Elastyczny najem",,rent,2150,17,ONE,,,,,,pomorskie,,,
67952029,otodom,https://www.otodom.pl/pl/oferta/mieszkanie-dla-studenta-rok-akademicki-silownia-klimatyzacja-ID4B7qt,Mieszkanie dla studenta | Rok akademicki | Siłownia | Klimatyzacja,,rent,2150,18,ONE,,,,,,pomorskie,,,
68042147,otodom,https://www.otodom.pl/pl/oferta/komfortowe-nowoczesne-3-pokoje-zaspa-hala-komorka-ID4BuRZ,Komfortowe nowoczesne 3 pokoje Zaspa hala komórka,,rent,4700,65,THREE,,,,,,pomorskie,,,
68042146,otodom,https://www.otodom.pl/pl/oferta/przymorze-2-pokoje-widok-m-postojowe-ID4BuRY,Przymorze 2 pokoje widok m.postojowe,,rent,3600,58,TWO,,,,,,pomorskie,,,
67952807,otodom,https://www.otodom.pl/pl/oferta/ul-pomorska-86-gdansk-3pokoje-winda-blisko-skm-zwierzeta-ok-ID4B7D1,"ul. Pomorska 86, Gdańsk|3pokoje|Winda|Blisko SKM|Zwierzęta ok",,rent,3000,47,THREE,,,,,,pomorskie,,,
68010043,otodom,https://www.otodom.pl/pl/oferta/nieborowska-gdansk-2-niezalezne-pokoje-piwnica-bez-prowizji-ID4Bmvb,Nieborowska | Gdańsk| 2 niezależne pokoje | Piwnica | Bez prowizji,,rent,2900,56,TWO,,,,,,pomorskie,,,
68041768,otodom,https://www.otodom.pl/pl/oferta/apartament-blisko-morza-ID4BuLS,Apartament Blisko Morza,,rent,9000,80,THREE,,,,,,pomorskie,,,
67992329,otodom,https://www.otodom.pl/pl/oferta/nowe-2-pokojowe-mieszkanie-od-zaraz-ID4BhUt,Nowe 2-pokojowe mieszkanie od Zaraz!,,rent,3300,35,TWO,,,,,,pomorskie,,,
68005762,otodom,https://www.otodom.pl/pl/oferta/3-pokojowe-mieszkanie-dla-rodziny-ID4Blp8,3-pokojowe mieszkanie dla rodziny!,,rent,3600,76.5,THREE,,,,,,pomorskie,,,
68015459,otodom,https://www.otodom.pl/pl/oferta/mieszkanie-na-wynajem-gdansk-lawendowe-wzgorze-ID4BnWx,Mieszkanie na wynajem Gdansk - Lawendowe Wzgórze,,rent,2700,49,TWO,,,,,,pomorskie,,,
68041186,otodom,https://www.otodom.pl/pl/oferta/luksusowe-studio-z-widokiem-na-motlawe-kapitanat-ID4BuCu,Luksusowe studio z widokiem na Motławę | Kapitanat,,rent,3200,30.36,ONE,,,,,,pomorskie,,,
68041152,otodom,https://www.otodom.pl/pl/oferta/2-pokoje-pod-wynajem-w-renomowanej-dzielnicy-ID4BuBV,2 pokoje pod wynajem w renomowanej dzielnicy !,,rent,3500,38,TWO,,,,,,pomorskie,,,
67641394,otodom,https://www.otodom.pl/pl/oferta/2-pokojowe-mieszkanie-35-m-parking-wyposazone-blisko-obwodnicy-ID4zOCe,"2-pokojowe mieszkanie 35 m², parking, wyposażone, blisko obwodnicy",,rent,2500,40,TWO,,,,,,pomorskie,,,
62376194,otodom,https://www.otodom.pl/pl/oferta/luksusowy-3-pok-apartament-z-widokiem-na-stocznie-ID4dITE,Luksusowy 3-pok apartament z widokiem na stocznię,,rent,4900,72,THREE,,,,,,pomorskie,,,
68040871,otodom,https://www.otodom.pl/pl/oferta/piekne-2-pokojowe-mieszkanie-nowa-letnica-bezposrednio-ID4Buxp,Piękne 2 pokojowe mieszkanie - Nowa Letnica-bezpośrednio!,,rent,2700,42,TWO,,,,,,pomorskie,,,
68040760,otodom,https://www.otodom.pl/pl/oferta/apartament-studio-dlugie-ogrody-18e-132-ID4BuwC,"Apartament studio, Długie Ogrody 18E/132",,rent,8900,34,ONE,,,,,,pomorskie,,,
68040761,otodom,https://www.otodom.pl/pl/oferta/apartament-z-1-sypialnia-dluga-grobla-8-22-ID4BuwD,"Apartament z 1 sypialnią, Długa Grobla 8/22",,rent,8900,45,TWO,,,,,,pomorskie,,,
67695616,otodom,https://www.otodom.pl/pl/oferta/apartametn-studio-letnicka-10-32-ID4A2IM,"Apartametn studio, Letnicka 10/32",,rent,9900,26,ONE,,,,,,pomorskie,,,
68007048,otodom,https://www.otodom.pl/pl/oferta/zamieszkaj-w-wygodnej-i-prestizowej-lokalizacji-ID4BlJS,Zamieszkaj w wygodnej i prestiżowej lokalizacji!,,rent,4100,52.62,TWO,,,,,,pomorskie,,,
66826402,otodom,https://www.otodom.pl/pl/oferta/kawalerka-wynajem-caloroczny-silownia-sauna-i-co-working-ID4voBc,"Kawalerka - wynajem całoroczny + siłownia, sauna i co-working",,rent,2000,20,ONE,,,,,,pomorskie,,,
68033915,otodom,https://www.otodom.pl/pl/oferta/studio-1-pokoj-plus-silownia-sauna-i-co-working-w-cenie-ID4BsJd,"Studio 1 pokój - plus siłownia, sauna i co-working w cenie",,rent,2400,25,ONE,,,,,,pomorskie,,,
68040351,otodom,https://www.otodom.pl/pl/oferta/gumed-pg-4-pokoje-z-ogrodkiem-i-tarasem-ID4Bup1,GUMED & PG - 4 Pokoje z ogrodkiem i tarasem,,rent,4500,85,FOUR,,,,,,pomorskie,,,
68040287,otodom,https://www.otodom.pl/pl/oferta/mieszkanie-1-pokojowe-w-gdansku-w-pelni-wyposazone-ID4BunZ,"Mieszkanie 1-pokojowe w Gdańsku, w pełni wyposażone",,rent,1700,37,ONE,,,,,,pomorskie,,,
67882715,otodom,https://www.otodom.pl/pl/oferta/nowoczesne-dwupokojowe-mieszkanie-na-starym-miescie-ul-dluga-grobla-ID4APow,"Nowoczesne dwupokojowe mieszkanie na Starym Mieście, ul. Długa Grobla",,rent,3000,45,TWO,,,,,,pomorskie,,,
96804275800067,otodom,https://www.otodom.pl/pl/oferta/2-pokoje-przymorze-dostepne-od-czerwca-ID4Bw1Q,2 pokoje | Przymorze | dostępne od czerwca,,rent,4000,44.95,TWO,,,,,,pomorskie,,,
67658376,otodom,https://www.otodom.pl/pl/oferta/trzypokojowe-przestronne-mieszkanie-na-przymorzu-ul-olsztynska-ID4zT28,"Trzypokojowe, przestronne mieszkanie na Przymorzu, ul. Olsztyńska",,rent,3600,67,THREE,,,,,,pomorskie,,,
68014054,otodom,https://www.otodom.pl/pl/oferta/eleganckie-3-pokojowe-mieszkanie-na-wynajem-ul-a-flisykowskiego-ID4BnyS,Eleganckie 3-pokojowe mieszkanie na wynajem – ul. A. Flisykowskiego,,rent,2990,55,THREE,,,,,,pomorskie,,,
67984722,otodom,https://www.otodom.pl/pl/oferta/kawalerka-5-minut-od-plazy-gdansk-stogi-idealna-lokalizacja-ID4BfWM,Kawalerka 5 minut od plaży! Gdańsk Stogi – idealna lokalizacja,,rent,1550,30,ONE,,,,,,pomorskie,,,
60537021,otodom,https://www.otodom.pl/pl/oferta/apartament-w-centurm-gdanska-wsrod-zieleni-ID460rz,Apartament w centurm Gdańska wśród zieleni,,rent,3500,50,TWO,,,,,,pomorskie,,,
67952066,otodom,https://www.otodom.pl/pl/oferta/wynajem-na-semestr-lub-rok-akademicki-idealne-dla-studentow-ID4B7r4,Wynajem na semestr lub rok akademicki | Idealne dla studentów,,rent,2300,21,ONE,,,,,,pomorskie,,,
67992070,otodom,https://www.otodom.pl/pl/oferta/gdansk-srodmiescie-siedlce-nowe-2-pokoje-hal-ID4BhQi,Gdańsk Śródmieście / Siedlce | Nowe 2 pokoje | Hal,,rent,3200,40,TWO,,,,,,pomorskie,,,
67992593,otodom,https://www.otodom.pl/pl/oferta/gdansk-srodmiescie-2-pokoje-przy-marinie-ID4BhYJ,Gdańsk Śródmieście 2 Pokoje przy Marinie,,rent,3200,40,TWO,,,,,,pomorskie,,,
67992071,otodom,https://www.otodom.pl/pl/oferta/gdansk-srodmiescie-siedlce-nowe-3-pokoje-hal-ID4BhQj,Gdańsk Śródmieście / Siedlce | Nowe 3 pokoje | Hal,,rent,4000,60,THREE,,,,,,pomorskie,,,
68039885,otodom,https://www.otodom.pl/pl/oferta/nowy-apartament-z-widokiem-na-morze-3-pokoje-ID4Buhw,NOWY APARTAMENT Z WIDOKIEM NA MORZE - 3 pokoje,,rent,5900,63,THREE,,,,,,pomorskie,,,
68039883,otodom,https://www.otodom.pl/pl/oferta/apartament-2-pokoje-gdansk-letnica-ID4Buht,Apartament / 2 pokoje/ Gdańsk Letnica,,rent,3400,49,TWO,,,,,,pomorskie,,,
66051349,otodom,https://www.otodom.pl/pl/oferta/apartament-103-m-2-pieciopokojowy-ID4t8Yl,"Apartament (103 m 2) pięciopokojowy,",,rent,9500,103,FIVE,,,,,,pomorskie,,,
68027471,otodom,https://www.otodom.pl/pl/oferta/dwupokojowy-apartament-38-m-2-ID4Br3h,Dwupokojowy apartament (38 m 2),,rent,3200,38,TWO,,,,,,pomorskie,,,
68027470,otodom,https://www.otodom.pl/pl/oferta/sloneczne-mieszkanie-40-m-2-na-starym-miescie-ID4Br3g,Słoneczne mieszkanie (40 m 2) na Starym Mieście,,rent,2800,40,TWO,,,,,,pomorskie,,,
65560607,otodom,https://www.otodom.pl/pl/oferta/luksusowa-kawalerka-do-wynajecia-gdansk-ul-lawendowe-wzgorze-ID4r5j9,"Luksusowa Kawalerka do Wynajęcia - Gdańsk, ul. Lawendowe Wzgórze",,rent,2800,36,TWO,,,,,,pomorskie,,,
67610275,otodom,https://www.otodom.pl/pl/oferta/wynajme-przytulne-mieszkanie-w-gdansku-ID4zGvj,Wynajmę przytulne mieszkanie w gdańsku,,rent,3000,80,THREE,,,,,,pomorskie,,,
68030446,otodom,https://www.otodom.pl/pl/oferta/stepkarska-6a-31-bez-posrednikow-ID4BrPg,Stępkarska 6A/31 - bez pośredników,,rent,3199,44.73,TWO,,,,,,pomorskie,,,
67357829,otodom,https://www.otodom.pl/pl/oferta/mieszkanie-z-sypialnia-pierwszy-miesiac-50-ID4yCQB,Mieszkanie z sypialnią | Pierwszy miesiąc -50%,,rent,2700,28,TWO,,,,,,pomorskie,,,
67357765,otodom,https://www.otodom.pl/pl/oferta/przytulne-studio-compact-ostatnie-dni-promocji-ID4yCPz,Przytulne studio Compact - OSTATNIE DNI PROMOCJI!,,rent,2000,20.5,ONE,,,,,,pomorskie,,,
52991199,otodom,https://www.otodom.pl/pl/oferta/mieszkanie-z-miejscem-parkingowym-gdansk-ptegowska-ID3AlqL,Mieszkanie z miejscem parkingowym Gdańsk Ptęgowska,,rent,3000,40,TWO,,,,,,pomorskie,,,
67966648,otodom,https://www.otodom.pl/pl/oferta/orunia-gorna-gdansk-poludnie-mieszkanie-2-pokojowe-wynajme-ID4Bbeg,Orunia Górna - Gdańsk Południe mieszkanie 2 - pokojowe wynajmę,,rent,2800,45.4,TWO,,,,,,pomorskie,,,
68039678,otodom,https://www.otodom.pl/pl/oferta/przestronne-2-pok-obok-elektrykow-zurawie-i-ID4Buea,"Przestronne 2-pok., obok Elektryków, Żurawie I",,rent,2800,40.73,TWO,,,,,,pomorskie,,,
68039662,otodom,https://www.otodom.pl/pl/oferta/mieszkanie-2-pokojowe-sloneczna-morena-garaz-komorka-ID4BudU,Mieszkanie 2 pokojowe Słoneczna Morena+garaż+komórka,,rent,3100,42,TWO,,,,,,pomorskie,,,
68017924,otodom,https://www.otodom.pl/pl/oferta/komfortowe-i-panorama-i-2-pokoje-i-gdansk-wrzeszcz-ID4Bozi,Komfortowe I Panorama I 2 pokoje I Gdańsk Wrzeszcz,,rent,3400,50,TWO,,,,,,pomorskie,,,
68017910,otodom,https://www.otodom.pl/pl/oferta/komfortowe-i-przestronne-i-2-pokoje-i-gdansk-oliwa-ID4Boz4,Komfortowe I Przestronne I 2 pokoje I Gdańsk Oliwa,,rent,3800,54,TWO,,,,,,pomorskie,,,
68017903,otodom,https://www.otodom.pl/pl/oferta/komfortowe-i-przestrzenne-i-70m-gdansk-srodmies-ID4BoyX,Komfortowe I Przestrzenne I 70m² | Gdańsk Śródmieś,,rent,3900,70,TWO,,,,,,pomorskie,,,
68021113,otodom,https://www.otodom.pl/pl/oferta/4-pok-95m2-dla-pracownikow-ID4BpoJ,4-pok. 95m2 dla pracowników,,rent,4000,98,FOUR,,,,,,pomorskie,,,
68018055,otodom,https://www.otodom.pl/pl/oferta/stylowe-mieszkanie-blisko-gumed-balkon-i-garaz-ID4BoBp,"Stylowe mieszkanie blisko GUMed, balkon i garaż",,rent,3500,42,TWO,,,,,,pomorskie,,,
68018037,otodom,https://www.otodom.pl/pl/oferta/komfortowe-mieszkanie-na-zaspie-idealne-do-zycia-ID4BoB7,Komfortowe mieszkanie na Zaspie idealne do życia,,rent,4300,69,THREE,,,,,,pomorskie,,,
68018007,otodom,https://www.otodom.pl/pl/oferta/komfortowe-i-nowe-i-4-pokoje-i-gdansk-siedlce-ID4BoAD,Komfortowe I Nowe I 4 pokoje I Gdańsk Siedlce,,rent,7500,93,FOUR,,,,,,pomorskie,,,
68017963,otodom,https://www.otodom.pl/pl/oferta/komfortowe-41m-i-miejsce-w-hali-i-komorka-ID4BozW,Komfortowe 41m I Miejsce w hali I Komórka,,rent,2600,41,TWO,,,,,,pomorskie,,,
68017954,otodom,https://www.otodom.pl/pl/oferta/sloneczne-ciche-47-6m-gdansk-ujescisko-ID4BozM,"Słoneczne | Ciche | 47,6m² | Gdańsk Ujeścisko",,rent,2850,47.6,TWO,,,,,,pomorskie,,,
68017950,otodom,https://www.otodom.pl/pl/oferta/przytulne-mieszkanie-i-60m2-i-gdansk-osowa-ID4BozI,"Przytulne mieszkanie I 60m2 I Gdańsk, Osowa",,rent,3850,60,TWO,,,,,,pomorskie,,,
68017943,otodom,https://www.otodom.pl/pl/oferta/klimatyczne-mieszkanie-w-centrum-ID4BozB,Klimatyczne mieszkanie w centrum,,rent,3000,54,TWO,,,,,,pomorskie,,,
68017946,otodom,https://www.otodom.pl/pl/oferta/swieze-mieszkanie-z-widokiem-w-topowej-lokalizacji-ID4BozE,Świeże mieszkanie z widokiem w topowej lokalizacji,,rent,2850,40,TWO,,,,,,pomorskie,,,
68017933,otodom,https://www.otodom.pl/pl/oferta/mieszkanie-w-centrum-przy-motlawie-ID4Bozr,Mieszkanie w centrum przy Motławie,,rent,2800,33,ONE,,,,,,pomorskie,,,
68017928,otodom,https://www.otodom.pl/pl/oferta/2-pokoje-z-balkonem-i-miejscem-parkingowym-ID4Bozm,2 pokoje z balkonem i miejscem parkingowym,,rent,3000,47.2,TWO,,,,,,pomorskie,,,
96765837600067,otodom,https://www.otodom.pl/pl/oferta/trzypokojowe-przestronne-mieszkanie-na-przymorzu-ul-olsztynska-ID4zT28,"Trzypokojowe, przestronne mieszkanie na Przymorzu, ul. Olsztyńska",,rent,3600,67,THREE,,,,,,pomorskie,,,
68039555,otodom,https://www.otodom.pl/pl/oferta/gdansk-morena-2-pokoje-parking-podziemny-komorka-lokatorska-ID4Bucb,"Gdańsk  Morena 2 pokoje,  parking podziemny, komórka lokatorska",,rent,2500,37,TWO,,,,,,pomorskie,,,
67049562,otodom,https://www.otodom.pl/pl/oferta/zadbane-mieszkanie-2-pokojowe-w-dzielnicy-orunia-gorna-od-zaraz-ID4xkEy,"Zadbane mieszkanie 2-pokojowe w dzielnicy Orunia Górna, od zaraz",,rent,2600,47,TWO,,,,,,pomorskie,,,
68014285,otodom,https://www.otodom.pl/pl/oferta/stylowy-apartament-niedaleko-morza-40m2-ID4BnCB,Stylowy apartament niedaleko morza 40m2,,rent,3200,40,TWO,,,,,,pomorskie,,,
68039424,otodom,https://www.otodom.pl/pl/oferta/mieszkanie-na-wynajem-3-pokoje-przymorze-ID4Bua4,Mieszkanie NA Wynajem | 3 Pokoje | Przymorze,,rent,4999,55,THREE,,,,,,pomorskie,,,
37294258,otodom,https://www.otodom.pl/pl/oferta/wynajem-3-pokojowego-mieszkania-z-balkonem-i-z-widokiem-na-morze-ID2vtVi,Wynajem 3-pokojowego mieszkania z balkonem i z widokiem na morze,,rent,3400,56,THREE,,,,,,pomorskie,,,
67566376,otodom,https://www.otodom.pl/pl/oferta/gdansk-srodmiescie-mlode-miasto-3-pokoje-15-pietro-spektakularny-widok-ID4zw6g,"Gdańsk Śródmieście Młode Miasto,3 pokoje,15 piętro,spektakularny widok",,rent,5200,79,THREE,,,,,,pomorskie,,,
68039242,otodom,https://www.otodom.pl/pl/oferta/2-pokoje-solvo-blisko-ug-i-obc-ID4Bu78,2 pokoje | Solvo | blisko UG i Obc,,rent,3300,39.4,TWO,,,,,,pomorskie,,,
68039167,otodom,https://www.otodom.pl/pl/oferta/mieszkanie-przymorze-blisko-ug-alchemii-i-olivia-centre-ID4Bu5W,"Mieszkanie Przymorze,  blisko UG, Alchemii i Olivia Centre",,rent,3300,50,THREE,,,,,,pomorskie,,,
51480020,otodom,https://www.otodom.pl/pl/oferta/mieszkanie-dwupokojowe-garnizon-gdansk-wrzeszcz-ID3u0iU,Mieszkanie dwupokojowe GARNIZON Gdańsk Wrzeszcz,,rent,3400,39,TWO,,,,,,pomorskie,,,
67995312,otodom,https://www.otodom.pl/pl/oferta/bardzo-ladna-kawalerka-na-przymorzu-ID4BiGA,Bardzo ładna kawalerka na Przymorzu,,rent,2500,27,ONE,,,,,,pomorskie,,,
67631553,otodom,https://www.otodom.pl/pl/oferta/stepkarska-6a-ID4zM3w,Stępkarska 6A,,rent,,,,,,,,,pomorskie,,,
67990232,otodom,https://www.otodom.pl/pl/oferta/mieszkanie-blisko-plazy-letnica-brzezno-ID4BhmE,Mieszkanie blisko plaży - Letnica/Brzeżno,,rent,3200,41,TWO,,,,,,pomorskie,,,
67955371,otodom,https://www.otodom.pl/pl/oferta/nowoczesne-2-pok-z-balkonem-wysoki-standard-bez-prowizji-novelo-ID4B8in,"Nowoczesne 2-pok. z balkonem, wysoki standard, bez prowizji! Novelo.",,rent,2700,43.97,TWO,,,,,,pomorskie,,,
67899959,otodom,https://www.otodom.pl/pl/oferta/2-pok-wysoki-standard-balkon-garaz-linea-allcon-bezposrednio-ID4ATSD,"2 pok, wysoki standard, balkon, garaż, Linea Allcon - bezpośrednio!",,rent,2900,45,TWO,,,,,,pomorskie,,,
67907713,otodom,https://www.otodom.pl/pl/oferta/zurawie-4-pokoje-taras-centrum-garaz-ID4AWTH,Żurawie | 4 pokoje | taras | centrum | garaż,,rent,7500,100,FOUR,,,,,,pomorskie,,,
66393628,otodom,https://www.otodom.pl/pl/oferta/mieszkanie-3-pokojowe-jaskowa-dolina-ID4uA0Y,Mieszkanie 3-pokojowe Jaśkowa Dolina,,rent,4400,69,THREE,,,,,,pomorskie,,,
67881454,otodom,https://www.otodom.pl/pl/oferta/stare-miasto-fitness-sauna-parking-premium-ID4AP4a,Stare Miasto | fitness + sauna + parking | Premium,,rent,7200,98.3,FOUR,,,,,,pomorskie,,,
67907710,otodom,https://www.otodom.pl/pl/oferta/4-pokoje-nowe-93-m-taras-40-m-2x-garaz-ID4AWTE,4 pokoje | Nowe 93 m² | taras 40 m² | 2x garaż,,rent,7500,93,FOUR,,,,,,pomorskie,,,
68007584,otodom,https://www.otodom.pl/pl/oferta/gdansk-przymorze-blisko-morza-balkon-parking-ID4BlSv,Gdańsk Przymorze | Blisko morza | Balkon | Parking,,rent,2850,37,ONE,,,,,,pomorskie,,,
67953024,otodom,https://www.otodom.pl/pl/oferta/od-zaraz-podpisz-umowe-do-25-05-i-zyskaj-500-zl-rabatu-ID4B7Gv,Od zaraz | PODPISZ UMOWĘ DO 25.05 I ZYSKAJ 500 ZŁ RABATU,,rent,3125,71,THREE,,,,,,pomorskie,,,
67873131,otodom,https://www.otodom.pl/pl/oferta/nowa-kawalerka-wysoki-standard-centrum-ID4AMTW,"Nowa kawalerka, wysoki standard, centrum",,rent,2599,27.06,ONE,,,,,,pomorskie,,,
67881840,otodom,https://www.otodom.pl/pl/oferta/mieszkanie-na-wynajem-pracowniczy-650-zl-os-ID4APao,Mieszkanie na wynajem pracowniczy! 650 zł/os,,rent,650,53,THREE,,,,,,pomorskie,,,
60856097,otodom,https://www.otodom.pl/pl/oferta/centrum-moreny-ID47lrX,Centrum Moreny,,rent,3200,37,TWO,,,,,,pomorskie,,,
68038567,otodom,https://www.otodom.pl/pl/oferta/do-wynajecia-2-pokojowe-mieszkanie-37-m-idealne-dla-pary-lub-singla-ID4BtVf,Do wynajęcia 2-pokojowe mieszkanie 37 m² |Idealne dla pary lub singla,,rent,2300,37,TWO,,,,,,pomorskie,,,
67996095,otodom,https://www.otodom.pl/pl/oferta/komfortowe-mieszkanie-42-m-z-miejscem-postojowym-i-komorka-lokatorska-ID4BiTd,Komfortowe mieszkanie 42 m² z miejscem postojowym i komórką lokatorską,,rent,3600,42,TWO,,,,,,pomorskie,,,
67033825,otodom,https://www.otodom.pl/pl/oferta/nowe-mieszkanie-z-sypialnia-aneksem-kuchennym-i-miejscem-parkingowym-ID4xgyJ,"Nowe mieszkanie z sypialnią, aneksem kuchennym i miejscem parkingowym",,rent,2500,40,TWO,,,,,,pomorskie,,,
67914894,otodom,https://www.otodom.pl/pl/oferta/wynajem-4-pokoje-blisko-morza-ID4AXLv,Wynajem 4 pokoje blisko morza,,rent,5700,80,FOUR,,,,,,pomorskie,,,
64617992,otodom,https://www.otodom.pl/pl/oferta/do-zamieszkania-od-polowy-maja-nowoczesnie-wykonczone-ID4n85G,"Do zamieszkania od połowy maja ,nowocześnie wykończone",,rent,3800,54,THREE,,,,,,pomorskie,,,
68038429,otodom,https://www.otodom.pl/pl/oferta/mieszkanie-3-pokojowe-z-balkonem-i-garazem-ID4BtU1,Mieszkanie 3-pokojowe z balkonem i garażem,,rent,3900,45,THREE,,,,,,pomorskie,,,
67373516,otodom,https://www.otodom.pl/pl/oferta/kawalerka-dlugoterminowo-silownia-sauna-i-co-working-w-cenie-ID4yGWC,"Kawalerka -długoterminowo -siłownia, sauna i co-working w cenie",,rent,2250,21,ONE,,,,,,pomorskie,,,
67953941,otodom,https://www.otodom.pl/pl/oferta/do-wynajecia-2-pokojowe-mieszkanie-z-balkonem-i-miejscem-postojowym-ID4B7Wj,Do wynajęcia 2-pokojowe mieszkanie z balkonem i miejscem postojowym,,rent,2600,36,TWO,,,,,,pomorskie,,,
66890351,otodom,https://www.otodom.pl/pl/oferta/apartament-2-pok-wynajem-caloroczny-silownia-sauna-i-co-working-ID4vFeD,"Apartament 2 pok. - wynajem całoroczny + siłownia, sauna i co-working",,rent,2650,32,TWO,,,,,,pomorskie,,,
66996253,otodom,https://www.otodom.pl/pl/oferta/kawalerka-silownia-sauna-i-co-working-bezprowizji-ID4x6MJ,"Kawalerka - siłownia, sauna i co-working BEZPROWIZJI",,rent,2250,24,ONE,,,,,,pomorskie,,,
67306096,otodom,https://www.otodom.pl/pl/oferta/3-pokojowe-mieszkanie-na-ujescisku-ID4ypoc,3 pokojowe mieszkanie na Ujeścisku,,rent,2990,60,THREE,,,,,,pomorskie,,,
96803955500067,otodom,https://www.otodom.pl/pl/oferta/gdansk-morena-2-pokoje-parking-podziemny-komorka-lokatorska-ID4Bucb,"Gdańsk  Morena 2 pokoje,  parking podziemny, komórka lokatorska",,rent,2500,37,TWO,,,,,,pomorskie,,,
67357759,otodom,https://www.otodom.pl/pl/oferta/noli-gdansk-riverside-ID4yCPt,Noli Gdańsk Riverside,,rent,,,,,,,,,pomorskie,,,
68038225,otodom,https://www.otodom.pl/pl/oferta/srodmiescie-2-pokoje-38-m-kot-pies-ID4BtQJ,"Śródmieście | 2 pokoje | 38 m² | kot, pies",,rent,2900,38,TWO,,,,,,pomorskie,,,
68038189,otodom,https://www.otodom.pl/pl/oferta/40m2-blisko-starego-miasta-z-pieknym-widokiem-ID4BtQ9,40m2 | Blisko Starego Miasta |z pięknym widokiem,,rent,3500,40.3,ONE,,,,,,pomorskie,,,
65227838,otodom,https://www.otodom.pl/pl/oferta/mieszkanie-2-pokojowe-z-miejscem-parkingowym-ul-platynowa-ID4pGJU,Mieszkanie 2-pokojowe z miejscem parkingowym ul. Platynowa,,rent,2500,46,TWO,,,,,,pomorskie,,,
65209221,otodom,https://www.otodom.pl/pl/oferta/bezposrednio-nadmorze-ogrodek-150m-od-plazy-dlugoterminowo-ID4pBTD,Bezpośrednio-NADMORZE / Ogródek /150m od plaży /DŁUGOTERMINOWO!,,rent,4400,60,TWO,,,,,,pomorskie,,,
67631553,otodom,https://www.otodom.pl/pl/oferta/stepkarska-6a-ID4zM3w,Stępkarska 6A,,rent,,,,,,,,,pomorskie,,,
65647158,otodom,https://www.otodom.pl/pl/oferta/apartament-z-silownia-i-sauna-nadmotlawie-ID4rrP8,Apartament z siłownią i sauną - Nadmotławie,,rent,3150,30,TWO,,,,,,pomorskie,,,
64245202,otodom,https://www.otodom.pl/pl/oferta/atrakcyjna-kawalerka-w-centrum-przymorza-przyjazna-dla-zwierzat-ID4lz6V,Atrakcyjna kawalerka w centrum Przymorza przyjazna dla zwierząt,,rent,1890,23,ONE,,,,,,pomorskie,,,
67966057,otodom,https://www.otodom.pl/pl/oferta/przestronne-mieszkanie-z-14-m-slonecznym-tarasem-ID4Bb4J,Przestronne mieszkanie z 14 M słonecznym tarasem,,rent,3600,43.2,TWO,,,,,,pomorskie,,,
65790473,otodom,https://www.otodom.pl/pl/oferta/sloneczne-2-pokojowe-mieszkanie-garnizon-wrzeszcz-ID4s36F,Słoneczne 2 pokojowe mieszkanie Garnizon Wrzeszcz,,rent,4000,36,TWO,,,,,,pomorskie,,,
62635171,otodom,https://www.otodom.pl/pl/oferta/mieszkanie-3-pokoje-73m2-gdansk-chelm-ID4eOgH,Mieszkanie 3 pokoje 73m2 Gdańsk Chełm,,rent,3500,73,THREE,,,,,,pomorskie,,,
68037518,otodom,https://www.otodom.pl/pl/oferta/srodmiescie-komfortowy-apartament-scala-lakowa-ID4BtFk,Śródmieście - komfortowy apartament Scala Łąkowa,,rent,2900,29,ONE,,,,,,pomorskie,,,
64154430,otodom,https://www.otodom.pl/pl/oferta/ladne-2-pokojowe-mieszkanie-nowa-letnica-blisko-morza-ID4lbuS,Ładne 2 pokojowe mieszkanie-Nowa Letnica blisko Morza,,rent,2800,38,TWO,,,,,,pomorskie,,,
68037392,otodom,https://www.otodom.pl/pl/oferta/mieszkanie-3-pokojowe-z-balkonem-i-garazem-ID4BtDi,Mieszkanie 3-pokojowe z balkonem i garażem,,rent,3600,60,THREE,,,,,,pomorskie,,,
68037257,otodom,https://www.otodom.pl/pl/oferta/2-pokojowe-mieszkanie-do-wynajecia-ID4BtB7,2-pokojowe mieszkanie do wynajęcia,,rent,2400,52,TWO,,,,,,pomorskie,,,
67680328,otodom,https://www.otodom.pl/pl/oferta/gdansk-kompaktowy-apartament-na-wynajem-ID4zYKc,"Gdańsk, kompaktowy apartament na wynajem",,rent,2800,33.6,TWO,,,,,,pomorskie,,,
62820494,otodom,https://www.otodom.pl/pl/oferta/apartament-gdansk-srodmiescie-45m-ID4fAtM,Apartament Gdańsk Śródmieście 45m,,rent,3600,45,TWO,,,,,,pomorskie,,,
63593839,otodom,https://www.otodom.pl/pl/oferta/mieszkanie-2-pok-z-hala-garazowa-sloneczna-morena-ID4iPF5,Mieszkanie 2-pok. z halą garażową Słoneczna Morena,,rent,3000,42,TWO,,,,,,pomorskie,,,
67226589,otodom,https://www.otodom.pl/pl/oferta/kawalerka-w-centrum-silownia-sauna-ostatnie-dni-promocji-ID4y4HP,"Kawalerka w Centrum | Siłownia, Sauna | Ostatnie dni promocji!!",,rent,2250,17,ONE,,,,,,pomorskie,,,
66957743,otodom,https://www.otodom.pl/pl/oferta/kawalerka-w-centrum-silownia-sauna-coworking-ID4vVLB,"Kawalerka w Centrum | Siłownia, Sauna, Coworking",,rent,2400,23,ONE,,,,,,pomorskie,,,
63955451,otodom,https://www.otodom.pl/pl/oferta/premium-loft-wysokie-3-4m-widok-na-morze-silown-ID4klJx,"PREMIUM LOFT, wysokie 3,4m, widok na morze, siłown",,rent,4000,55,TWO,,,,,,pomorskie,,,
68037030,otodom,https://www.otodom.pl/pl/oferta/mieszkanie-2-pokojowe-z-miejscem-parkingowym-ID4Btxs,Mieszkanie 2 pokojowe z miejscem parkingowym,,rent,3300,57,TWO,,,,,,pomorskie,,,
68037033,otodom,https://www.otodom.pl/pl/oferta/2-pokojowy-apartament-gdansk-letnica-ul-starowiejska-nowa-letnica-ID4Btxw,"2-pokojowy apartament Gdańsk Letnica, ul. Starowiejska – Nowa Letnica",,rent,2400,31.66,TWO,,,,,,pomorskie,,,
68037023,otodom,https://www.otodom.pl/pl/oferta/apartament-3-pokojowy-na-wynajem-dluga-grobla-10-gdansk-srodmiescie-ID4Btxl,"Apartament 3-pokojowy na wynajem – Długa Grobla 10, Gdańsk Śródmieście",,rent,3750,65,THREE,,,,,,pomorskie,,,
68037019,otodom,https://www.otodom.pl/pl/oferta/apartament-premium-do-wynajecia-w-gdansku-letnicy-starowiejska-46-ID4Btxh,Apartament premium do wynajęcia w Gdańsku Letnicy – Starowiejska 46,,rent,3200,41,TWO,,,,,,pomorskie,,,
67957881,otodom,https://www.otodom.pl/pl/oferta/3-pokoje-przymorze-park-balkon-marina-rok-ID4B8VR,3 Pokoje/Przymorze/ Park/ Balkon/ Marina/ROK,,rent,5000,83,THREE,,,,,,pomorskie,,,
68019449,otodom,https://www.otodom.pl/pl/oferta/2-pokoje-32-5-m-wysoki-standard-wykonczenia-ID4BoXT,"2 pokoje, 32,5 m², wysoki standard wykończenia",,rent,2900,32.5,TWO,,,,,,pomorskie,,,
68036919,otodom,https://www.otodom.pl/pl/oferta/mieszkanie-3-pokojowe-z-miejscem-w-hali-garazowej-blisko-plazy-ID4BtwF,Mieszkanie 3-pokojowe z miejscem w hali garażowej | Blisko plaży,,rent,5500,63,THREE,,,,,,pomorskie,,,
67998998,otodom,https://www.otodom.pl/pl/oferta/apartament-premium-80-m-harmonia-oliwska-4-pokoje-ID4BjE2,APARTAMENT PREMIUM 80 m² | HARMONIA OLIWSKA | 4 POKOJE |,,rent,6400,80,FOUR,,,,,,pomorskie,,,
68036775,otodom,https://www.otodom.pl/pl/oferta/przytulne-mieszkanie-z-balkonem-w-gdansku-ID4Bttl,Przytulne mieszkanie z balkonem w Gdańsku,,rent,2800,30,ONE,,,,,,pomorskie,,,
67808241,otodom,https://www.otodom.pl/pl/oferta/przytulna-kawalerka-po-remoncie-we-wrzeszczu-ID4Av1j,Przytulna kawalerka (po remoncie) we Wrzeszczu.,,rent,2390,20,ONE,,,,,,pomorskie,,,
68036675,otodom,https://www.otodom.pl/pl/oferta/mieszkanie-3-pokojowe-dla-pracownikow-lub-studentow-5-osob-ID4BtrJ,Mieszkanie 3 pokojowe dla pracowników lub studentów - 5 osób,,rent,3400,45,THREE,,,,,,pomorskie,,,
67982327,otodom,https://www.otodom.pl/pl/oferta/gdansk-siedlce-3-pokoje-w-spokojnej-okolicy-ID4Bfj9,Gdańsk Siedlce - 3 pokoje w spokojnej okolicy,,rent,3000,55,THREE,,,,,,pomorskie,,,
68036417,otodom,https://www.otodom.pl/pl/oferta/dwupokojowe-mieszkanie-do-wynajecia-na-przymorzu-ID4Btnz,Dwupokojowe mieszkanie do wynajęcia na Przymorzu,,rent,2200,46,TWO,,,,,,pomorskie,,,
96803822500067,otodom,https://www.otodom.pl/pl/oferta/srodmiescie-2-pokoje-38-m-kot-pies-ID4BtQJ,"Śródmieście | 2 pokoje | 38 m² | kot, pies",,rent,2900,38,TWO,,,,,,pomorskie,,,
67998324,otodom,https://www.otodom.pl/pl/oferta/tarasy-baltyku-2-pokoje-na-wynajem-przymorze-silownia-sauna-balkon-ID4Bjta,Tarasy Bałtyku 2 pokoje na wynajem Przymorze/ siłownia / sauna/ balkon,,rent,3750,45,TWO,,,,,,pomorskie,,,
68035986,otodom,https://www.otodom.pl/pl/oferta/mieszkanie-gdansk-ID4BtgC,Mieszkanie - Gdańsk,,rent,2450,33.79,TWO,,,,,,pomorskie,,,
67956602,otodom,https://www.otodom.pl/pl/oferta/nowoczesne-3-pokojowe-mieszkanie-miejsce-w-hali-ID4B8Ce,Nowoczesne 3 pokojowe mieszkanie + miejsce w hali,,rent,4300,61,THREE,,,,,,pomorskie,,,
67887219,otodom,https://www.otodom.pl/pl/oferta/nowoczesne-z-panorama-miasta-serce-garnizonu-ID4AQz9,Nowoczesne z Panoramą Miasta – Serce Garnizonu,,rent,3300,43.3,TWO,,,,,,pomorskie,,,
68035861,otodom,https://www.otodom.pl/pl/oferta/piekny-apartament-pod-wynajem-gdansk-aniolki-ID4BteB,Piękny apartament pod wynajem Gdańsk Aniołki,,rent,6300,117.5,FOUR,,,,,,pomorskie,,,
68035845,otodom,https://www.otodom.pl/pl/oferta/2-pok-mieszkanie-w-swietnej-lokalizacji-na-wynajem-ID4Btel,2 pok mieszkanie w świetnej lokalizacji na wynajem!!!,,rent,3200,38,TWO,,,,,,pomorskie,,,
68035803,otodom,https://www.otodom.pl/pl/oferta/apartament-premium-na-przymorzu-w-pelni-umeblowa-ID4BtdF,Apartament Premium na Przymorzu / W pełni umeblowa,,rent,2800,34.67,ONE,,,,,,pomorskie,,,
67949538,otodom,https://www.otodom.pl/pl/oferta/luksusowy-apartament-3-pokojowy-na-wynajem-park-reagana-blisko-plazy-ID4B6Mi,"Luksusowy apartament 3-pokojowy na wynajem, Park Reagana, blisko plaży",,rent,4800,72,THREE,,,,,,pomorskie,,,
67949652,otodom,https://www.otodom.pl/pl/oferta/2-pokojowy-apartament-z-ogrodkiem-w-letnicy-42-m-wysoki-standard-ID4B6O8,2-pokojowy apartament z ogródkiem w Letnicy | 42 m² | wysoki standard,,rent,2700,42,TWO,,,,,,pomorskie,,,
68035050,otodom,https://www.otodom.pl/pl/oferta/nowoczesna-kawalerka-badz-pierwszym-lokatorem-wrzeszcz-od-15-06-ID4Bt1v,Nowoczesna kawalerka | Bądź pierwszym lokatorem | Wrzeszcz | Od 15.06,,rent,2120,23.8,ONE,,,,,,pomorskie,,,
68034701,otodom,https://www.otodom.pl/pl/oferta/mozliwosc-umeblowania-oddzielna-kuchnia-plaza-ID4BsWT,"możliwość umeblowania , oddzielna kuchnia, plaża",,rent,3000,48.2,TWO,,,,,,pomorskie,,,
67626975,otodom,https://www.otodom.pl/pl/oferta/mieszkanie-w-centrum-klimatyzacja-silownia-sauna-coworking-ID4zKRF,Mieszkanie w Centrum | Klimatyzacja | Siłownia | Sauna | Coworking,,rent,2300,22,ONE,,,,,,pomorskie,,,
67949844,otodom,https://www.otodom.pl/pl/oferta/piekny-widok-na-motlawe-2-pokoje-szafarnia-ID4B6Re,Piękny widok na Motławę | 2 Pokoje | Szafarnia,,rent,4500,49,TWO,,,,,,pomorskie,,,
68034481,otodom,https://www.otodom.pl/pl/oferta/brak-prowizji-skraj-lasu-oliwskiego-balkon-kort-tenisowy-nowe-agd-ID4BsSl,"brak prowizji, Skraj lasu Oliwskiego, balkon, kort tenisowy, nowe AGD",,rent,2600,34,ONE,,,,,,pomorskie,,,
65464251,otodom,https://www.otodom.pl/pl/oferta/mieszkanie-2-pokojowe-malczewskiego-mlyny-ID4qGf1,"Mieszkanie 2 pokojowe, Malczewskiego, Młyny",,rent,3300,49.9,TWO,,,,,,pomorskie,,,
68034412,otodom,https://www.otodom.pl/pl/oferta/2-oddzielne-pokoje-idealne-dla-studentow-bezposrednio-ID4BsRe,2 Oddzielne Pokoje - Idealne dla studentów! Bezpośrednio,,rent,2880,39.69,TWO,,,,,,pomorskie,,,
61954694,otodom,https://www.otodom.pl/pl/oferta/mieszkanie-gdansk-wrzeszcz-ID4bXfg,Mieszkanie Gdańsk Wrzeszcz,,rent,3600,52.4,THREE,,,,,,pomorskie,,,
67379845,otodom,https://www.otodom.pl/pl/oferta/mieszkanie-kawalerka-suchanino-blisko-politechniki-ID4yIzH,"Mieszkanie-kawalerka, Suchanino, blisko politechniki",,rent,2000,20,ONE,,,,,,pomorskie,,,
67920112,otodom,https://www.otodom.pl/pl/oferta/mieszkanie-dwupokojowe-suchanino-ID4AZ7G,"Mieszkanie dwupokojowe, Suchanino",,rent,2700,34,TWO,,,,,,pomorskie,,,
68034183,otodom,https://www.otodom.pl/pl/oferta/apartament-kawalerka-przymorze-ID4BsNx,Apartament-kawalerka | Przymorze,,rent,2800,34.67,ONE,,,,,,pomorskie,,,
68034064,otodom,https://www.otodom.pl/pl/oferta/2-pokojowe-przyjazne-zwierzetom-bez-prowizji-ID4BsLC,2 pokojowe przyjazne zwierzętom BEZ PROWIZJI,,rent,2740,37.33,TWO,,,,,,pomorskie,,,
67619359,otodom,https://www.otodom.pl/pl/oferta/mieszkanie-2-pokojowe-gdansk-jasien-ID4zISP,Mieszkanie 2-pokojowe Gdańsk Jasień,,rent,2700,44,TWO,,,,,,pomorskie,,,
63492454,otodom,https://www.otodom.pl/pl/oferta/wygodny-apartament-2pok-przy-ch-forum-od-15-maja-ID4iphQ,Wygodny apartament 2pok przy CH Forum. Od 15 maja,,rent,3000,32,TWO,,,,,,pomorskie,,,
67367435,otodom,https://www.otodom.pl/pl/oferta/kawalerka-gdansk-wrzeszcz-ID4yFlx,Kawalerka Gdańsk Wrzeszcz,,rent,2300,29,ONE,,,,,,pomorskie,,,
68033956,otodom,https://www.otodom.pl/pl/oferta/2-pokoje-badz-pierwszym-lokatorem-zamieszkaj-ze-swoim-pupilem-ID4BsJS,2 Pokoje | Bądź pierwszym lokatorem! | Zamieszkaj ze swoim pupilem!,,rent,2650,31.5,TWO,,,,,,pomorskie,,,
68033889,otodom,https://www.otodom.pl/pl/oferta/2-pokoje-pierwszy-lokator-ecs-bez-prowizji-pets-friendly-ID4BsIN,2 Pokoje | Pierwszy Lokator | ECS | Bez Prowizji | Pets Friendly,,rent,2630,31,TWO,,,,,,pomorskie,,,
67631553,otodom,https://www.otodom.pl/pl/oferta/stepkarska-6a-ID4zM3w,Stępkarska 6A,,rent,,,,,,,,,pomorskie,,,
68033800,otodom,https://www.otodom.pl/pl/oferta/2-pokojowe-mieszkanie-56m-po-remoncie-borkowo-os-nowy-horyzont-ID4BsHm,"2-pokojowe mieszkanie 56m² po remoncie Borkowo, os. Nowy Horyzont",,rent,2300,56,TWO,,,,,,pomorskie,,,
66647959,otodom,https://www.otodom.pl/pl/oferta/przestronne-3-pokojowe-mieszkanie-z-balkonem-ID4wEb5,Przestronne 3-pokojowe mieszkanie z balkonem,,rent,3900,68,THREE,,,,,,pomorskie,,,
67974699,otodom,https://www.otodom.pl/pl/oferta/gdansk-osowa-2-pokoje-hala-garazowa-ID4Bdk7,"Gdańsk, Osowa - 2 pokoje + hala garażowa !!!",,rent,2400,44.6,TWO,,,,,,pomorskie,,,
67412895,otodom,https://www.otodom.pl/pl/oferta/kawalerka-silownia-sauna-i-co-working-w-cenie-bez-prowizji-ID4yRaL,"Kawalerka -siłownia, sauna i co-working w cenie-BEZ PROWIZJI",,rent,2400,25,ONE,,,,,,pomorskie,,,
67950738,otodom,https://www.otodom.pl/pl/oferta/duze-mieszkanie-w-zabytkowej-kamienicy-na-starowce-ID4B75E,Duże mieszkanie w zabytkowej kamienicy na Starówce,,rent,7000,121,THREE,,,,,,pomorskie,,,
67986065,otodom,https://www.otodom.pl/pl/oferta/premium-apartament-w-sercu-gdanska-najem-do-grudnia-2026-r-ID4Bghr,Premium apartament w sercu Gdańska | najem do grudnia 2026 r.,,rent,2690,48,TWO,,,,,,pomorskie,,,
67956961,otodom,https://www.otodom.pl/pl/oferta/mieszkanie-do-wynajecia-gdansk-zabianka-38-m-blisko-skm-ID4B8I1,Mieszkanie do wynajęcia Gdańsk Żabianka – 38 m² blisko SKM,,rent,2600,38,TWO,,,,,,pomorskie,,,
67973594,otodom,https://www.otodom.pl/pl/oferta/niezalezne-pokoje-osobna-kuchnia-duza-piwnica-ID4Bd2i,Niezależne pokoje. Osobna kuchnia. Duża Piwnica.,,rent,2500,63,THREE,,,,,,pomorskie,,,
96799832400067,otodom,https://www.otodom.pl/pl/oferta/tarasy-baltyku-2-pokoje-na-wynajem-przymorze-silownia-sauna-balkon-ID4Bjta,Tarasy Bałtyku 2 pokoje na wynajem Przymorze/ siłownia / sauna/ balkon,,rent,3750,45,TWO,,,,,,pomorskie,,,
67930995,otodom,https://www.otodom.pl/pl/oferta/wynajme-2-pokojowe-mieszkanie-34-m-z-balkonem-ul-jeleniogorska-ID4B1Xd,Wynajmę 2-pokojowe mieszkanie 34 m² z balkonem – ul. Jeleniogórska,,rent,1900,43,TWO,,,,,,pomorskie,,,
67792288,otodom,https://www.otodom.pl/pl/oferta/studio-overlooking-the-escarpment-first-month-rent-50-ID4ArS0,studio overlooking the escarpment | First Month Rent -50%!,,rent,2150,22,ONE,,,,,,pomorskie,,,
67359511,otodom,https://www.otodom.pl/pl/oferta/comfortable-studio-25m2-last-days-of-promotion-ID4yDhJ,Comfortable Studio | 25m2 - LAST DAYS OF PROMOTION!,,rent,2190,25,ONE,,,,,,pomorskie,,,
68032873,otodom,https://www.otodom.pl/pl/oferta/mysliwska-park-taras-garaz-ID4Bssp,Myśliwska Park. Taras. Garaż.,,rent,2600,32,ONE,,,,,,pomorskie,,,
68032839,otodom,https://www.otodom.pl/pl/oferta/przestronne-mieszkanie-92m2-na-wynajem-ul-nad-potokiem-gdansk-ID4BsrR,przestronne mieszkanie 92m2 na wynajem ul. Nad Potokiem Gdańsk,,rent,4600,92,FOUR,,,,,,pomorskie,,,
68032262,otodom,https://www.otodom.pl/pl/oferta/suchanino-mieszkanie-z-winda-i-miejscem-w-hali-garazowej-ID4Bsiy,Suchanino - mieszkanie z windą i miejscem w hali garażowej,,rent,3100,48.7,TWO,,,,,,pomorskie,,,
67998269,otodom,https://www.otodom.pl/pl/oferta/przytulne-2-pokoje-z-ogrodem-parkingiem-i-komorka-ID4Bjsh,"Przytulne 2 pokoje z ogrodem, parkingiem i komórką",,rent,3500,42.1,TWO,,,,,,pomorskie,,,
64561089,otodom,https://www.otodom.pl/pl/oferta/3-niezalezne-pokoje-gdansk-wrzeszcz-ID4mThT,"3 niezależne pokoje, Gdańsk Wrzeszcz",,rent,4200,59,THREE,,,,,,pomorskie,,,
66215367,otodom,https://www.otodom.pl/pl/oferta/komfortowe-2-pokojowe-z-miejscem-parkingowym-hala-ID4tPDN,Komfortowe 2 Pokojowe z miejscem parkingowym/hala,,rent,2850,38,TWO,,,,,,pomorskie,,,
68031926,otodom,https://www.otodom.pl/pl/oferta/mieszkanie-2-pokoje-z-duzym-ogrodkiem-orunia-gorna-ID4Bsd8,Mieszkanie 2-pokoje z dużym ogródkiem Orunia Górna,,rent,2300,45,TWO,,,,,,pomorskie,,,
68031905,otodom,https://www.otodom.pl/pl/oferta/bardzo-ladna-kawalerka-na-przymorzu-os-slaska-12-ID4BscN,Bardzo ładna kawalerka na Przymorzu- Os. Śląska 12,,rent,2700,35,ONE,,,,,,pomorskie,,,
67999030,otodom,https://www.otodom.pl/pl/oferta/matarnia-49m2-3-pokoje-zwierzeta-ID4BjEy,Matarnia | 49m2 | 3 pokoje | Zwierzęta,,rent,2700,49,THREE,,,,,,pomorskie,,,
68031652,otodom,https://www.otodom.pl/pl/oferta/ladna-kawalerka-na-przymorzu-niskie-oplaty-ID4Bs8I,Ładna kawalerka na Przymorzu - niskie opłaty!,,rent,2400,20,ONE,,,,,,pomorskie,,,
64097478,otodom,https://www.otodom.pl/pl/oferta/rezerwacja-2-pokojowe-mieszkanie-rzeczypospolitej-4c-ID4kVGi,*Rezerwacja* 2-pokojowe mieszkanie Rzeczypospolitej 4c,,rent,2800,41,TWO,,,,,,pomorskie,,,
68031075,otodom,https://www.otodom.pl/pl/oferta/mieszkanie-na-wynajem-gdansk-przymorze-solvo-i-garaz-i-komorka-ID4BrZp,Mieszkanie na wynajem Gdańsk Przymorze Solvo I Garaż i komórka,,rent,3000,39,TWO,,,,,,pomorskie,,,
68030949,otodom,https://www.otodom.pl/pl/oferta/2pok-gdansk-ujescisko-kom-t-braminskiego-na-dlugi-termin-ID4BrXn,2pok.Gdańsk-Ujeścisko kom.T.Bramińskiego na długi termin,,rent,2500,42,TWO,,,,,,pomorskie,,,
68030939,otodom,https://www.otodom.pl/pl/oferta/mieszkanie-z-2-oddzielnymi-pokojami-ul-czarna-ID4BrXd,"Mieszkanie z 2 oddzielnymi pokojami, ul. Czarna",,rent,3100,49,TWO,,,,,,pomorskie,,,
68030860,otodom,https://www.otodom.pl/pl/oferta/nowe-stylowe-2-pokoje-z-widokiem-hala-wysoki-standard-ID4BrWV,"Nowe, Stylowe 2 Pokoje z Widokiem| Hala | Wysoki Standard",,rent,2500,42,TWO,,,,,,pomorskie,,,
68030800,otodom,https://www.otodom.pl/pl/oferta/2-oddzielne-pokoje-scisla-starowka-od-zaraz-ID4BrUY,2 Oddzielne Pokoje | ścisła Starówka | OD Zaraz,,rent,3000,52,TWO,,,,,,pomorskie,,,
67908886,otodom,https://www.otodom.pl/pl/oferta/przytulna-kawalerka-po-generalnym-remoncie-na-chelmie-dla-1-2-osob-ID4AVcC,Przytulna kawalerka (po generalnym remoncie) na Chełmie / dla 1-2 osób,,rent,2390,23,ONE,,,,,,pomorskie,,,
63179313,otodom,https://www.otodom.pl/pl/oferta/ekskluzywny-3pok-apart-z-ogrodkiem-blisko-morza-ID4h5Pb,Ekskluzywny 3pok. Apart. z ogródkiem blisko morza.,,rent,4500,53,THREE,,,,,,pomorskie,,,
67500673,otodom,https://www.otodom.pl/pl/oferta/trzypokojowy-apartament-przy-swietej-barbary-bez-prowizji-ID4ze0x,Trzypokojowy apartament przy Świętej Barbary bez prowizji !,,rent,4200,59.06,THREE,,,,,,pomorskie,,,
68030511,otodom,https://www.otodom.pl/pl/oferta/apartament-magellana-na-wynajem-ID4BrQj,Apartament Magellana na wynajem,,rent,2500,31,ONE,,,,,,pomorskie,,,
68030460,otodom,https://www.otodom.pl/pl/oferta/3-pokojowe-stepkarska-6c-6a-bez-prowizji-prywatna-silownia-ID4BrPu,"3-pokojowe - Stępkarska 6C/6A - bez prowizji, prywatna siłownia",,rent,4099,62.35,THREE,,,,,,pomorskie,,,
68030352,otodom,https://www.otodom.pl/pl/oferta/mieszkanie-3-pokojowe-na-wynajem-gdansk-przymorze-zabianka-47-m-ID4BrNK,"Mieszkanie 3-pokojowe na wynajem – Gdańsk Przymorze / Żabianka, 47 m²",,rent,3300,47,THREE,,,,,,pomorskie,,,
68030247,otodom,https://www.otodom.pl/pl/oferta/mieszkanie-4-pokojowe-z-ogrodkiem-ID4BrM3,Mieszkanie 4-pokojowe z ogródkiem,,rent,5500,85,FOUR,,,,,,pomorskie,,,
67977544,otodom,https://www.otodom.pl/pl/oferta/trzypokojowe-w-nowym-budownictwie-blisko-morza-ID4Be40,"Trzypokojowe w nowym budownictwie, blisko morza",,rent,4900,70,THREE,,,,,,pomorskie,,,
67977551,otodom,https://www.otodom.pl/pl/oferta/gdansk-wrzeszcz-2-pokoje-garnizon-ID4Be47,Gdańsk Wrzeszcz 2 pokoje Garnizon!,,rent,3900,40,TWO,,,,,,pomorskie,,,
68029610,otodom,https://www.otodom.pl/pl/oferta/do-wynajecia-komfortowe-2-pokojowe-mieszkanie-41-ID4BrBM,Do wynajęcia komfortowe 2-pokojowe mieszkanie – 41,,rent,2500,41.8,TWO,,,,,,pomorskie,,,
67891677,otodom,https://www.otodom.pl/pl/oferta/dwupokojowe-mieszkanie-przy-obwodnicy-orunia-kazimierza-wielkiego-ID4ARJ3,"Dwupokojowe mieszkanie przy obwodnicy, ORUNIA, Kazimierza Wielkiego",,rent,2200,33,TWO,,,,,,pomorskie,,,
67801269,otodom,https://www.otodom.pl/pl/oferta/dwupokojowe-mieszkanie-przy-obwodnicy-orunia-kazimierza-wielkiego-ID4AucR,"Dwupokojowe mieszkanie przy obwodnicy, ORUNIA, Kazimierza Wielkiego",,rent,2200,28,TWO,,,,,,pomorskie,,,
67810783,otodom,https://www.otodom.pl/pl/oferta/dwupokojowe-mieszkanie-garaz-piwnica-przymorze-rzeczypospolitej-ID4AvGj,"Dwupokojowe mieszkanie, garaż, piwnica, PRZYMORZE, Rzeczypospolitej",,rent,3100,49,TWO,,,,,,pomorskie,,,
67990902,otodom,https://www.otodom.pl/pl/oferta/mieszkanie-top-nowe-osiedle-taras-51m2-metraz-70m2-silownia-ID4Bhxs,"Mieszkanie TOP, Nowe osiedle, taras 51m2, metraż 70m2, Siłownia",,rent,3000,46,TWO,,,,,,pomorskie,,,
67946493,otodom,https://www.otodom.pl/pl/oferta/sloneczne-2-niezalezne-pokoje-w-nowym-skm-ug-obc-alchemia-ID4B5Zb,"Słoneczne 2 niezależne pokoje w nowym-SKM,UG,OBC,ALCHEMIA",,rent,3000,42,TWO,,,,,,pomorskie,,,
68029402,otodom,https://www.otodom.pl/pl/oferta/nowe-2-pokoje-36-2-m2-balkon-hala-komorka-ID4Bryq,"Nowe 2 pokoje, 36,2 m2, balkon, hala, komórka",,rent,2900,36.2,TWO,,,,,,pomorskie,,,
67384520,otodom,https://www.otodom.pl/pl/oferta/mieszkanie-blisko-morza-rozankowskiego-7-ID4yJN6,"Mieszkanie blisko morza, Rożankowskiego 7",,rent,2400,28.85,TWO,,,,,,pomorskie,,,
96793099500067,otodom,https://www.otodom.pl/pl/oferta/wynajme-2-pokojowe-mieszkanie-34-m-z-balkonem-ul-jeleniogorska-ID4B1Xd,Wynajmę 2-pokojowe mieszkanie 34 m² z balkonem – ul. Jeleniogórska,,rent,1900,43,TWO,,,,,,pomorskie,,,
67836124,otodom,https://www.otodom.pl/pl/oferta/studio-ostatnie-dni-promocji-1-miesiac-50-taniej-ID4ADh2,Studio |OSTATNIE DNI PROMOCJI 1 MIESIĄC 50% TANIEJ!!,,rent,2050,22,ONE,,,,,,pomorskie,,,
68029241,otodom,https://www.otodom.pl/pl/oferta/wyjatkowe-mieszkanie-w-sercu-gdanska-oliwy-ID4BrwP,Wyjątkowe mieszkanie w sercu Gdańska Oliwy,,rent,5700,75,FOUR,,,,,,pomorskie,,,
66797467,otodom,https://www.otodom.pl/pl/oferta/komfortow-apartament-na-gdanskiej-starowce-70-m-ID4vh4w,Komfortow apartament na Gdańskiej Starówce – 70 m²,,rent,3990,70,TWO,,,,,,pomorskie,,,
67792166,otodom,https://www.otodom.pl/pl/oferta/studio-z-widokiem-na-skarpe-bez-prowizji-ID4ArQ2,Studio z widokiem na skarpę | Bez prowizji,,rent,2150,22,ONE,,,,,,pomorskie,,,
68029033,otodom,https://www.otodom.pl/pl/oferta/mieszkanie-gdansk-ID4Brst,Mieszkanie - Gdańsk,,rent,3900,60,THREE,,,,,,pomorskie,,,
65388264,otodom,https://www.otodom.pl/pl/oferta/kawalerka-jasien-lawendowe-wzgorze-ID4qmtq,Kawalerka Jasień Lawendowe Wzgórze,,rent,2300,33,ONE,,,,,,pomorskie,,,
67323745,otodom,https://www.otodom.pl/pl/oferta/wynajme-mieszkanie-kwatera-dla-pracownikow-ID4ytYR,WYNAJMĘ MIESZKANIE KWATERA DLA PRACOWNIKÓW,,rent,5000,61,THREE,,,,,,pomorskie,,,
68028794,otodom,https://www.otodom.pl/pl/oferta/luksusowe-mieszkanie-2-pokojowe-garnizon-gdansk-ID4BroC,Luksusowe mieszkanie 2 pokojowe Garnizon Gdańsk,,rent,3500,50,TWO,,,,,,pomorskie,,,
67899192,otodom,https://www.otodom.pl/pl/oferta/nowe-2-pokojowe-mieszkanie-z-pieknym-widokiem-morena-ID4ATGg,Nowe 2-pokojowe mieszkanie z pięknym widokiem - Morena,,rent,3500,47.5,TWO,,,,,,pomorskie,,,
68028436,otodom,https://www.otodom.pl/pl/oferta/mieszkanie-w-centrum-wrzeszcza-na-wynajem-ID4BriQ,Mieszkanie W Centrum Wrzeszcza NA Wynajem!,,rent,3300,56.18,TWO,,,,,,pomorskie,,,
68028305,otodom,https://www.otodom.pl/pl/oferta/mieszkanie-z-duzym-tarasem-ID4BrgJ,Mieszkanie z dużym tarasem !!!,,rent,2900,50.15,TWO,,,,,,pomorskie,,,
65182178,otodom,https://www.otodom.pl/pl/oferta/pieknie-urzadzone-2-pok-mieszkanie-z-30m2-tarasem-ID4puRs,Pięknie urządzone 2 pok. mieszkanie z 30m2 tarasem,,rent,2500,40,TWO,,,,,,pomorskie,,,
67984187,otodom,https://www.otodom.pl/pl/oferta/komfortowe-3-pokoje-srodmiescie-front-park-ID4BfN9,Komfortowe 3 pokoje Śródmieście Front Park,,rent,4200,70,THREE,,,,,,pomorskie,,,
67984188,otodom,https://www.otodom.pl/pl/oferta/nowoczesne-2-pokoje-srodmiescie-hala-ID4BfNa,Nowoczesne 2 pokoje Śródmieście hala,,rent,3000,39,TWO,,,,,,pomorskie,,,
68028179,otodom,https://www.otodom.pl/pl/oferta/2-pokoje-wrzeszcz-dolny-po-remoncie-ID4BreH,2 Pokoje #Wrzeszcz Dolny #Po remoncie,,rent,2900,45,TWO,,,,,,pomorskie,,,
67706500,otodom,https://www.otodom.pl/pl/oferta/mieszkanie-na-kwatere-pracownicza-6-8-osob-ID4A5yk,Mieszkanie na kwaterę pracowniczą 6-8 osób,,rent,5600,63.72,THREE,,,,,,pomorskie,,,
68027965,otodom,https://www.otodom.pl/pl/oferta/apartament-z-widokiem-na-stare-miasto-ID4Brbf,Apartament z widokiem na Stare Miasto,,rent,11500,115,FOUR,,,,,,pomorskie,,,
68027936,otodom,https://www.otodom.pl/pl/oferta/piekna-duza-kawalerka-media-w-cenie-bez-prowizji-ID4BraM,Piękna duża kawalerka >>MEDIA W CENIE<< Bez prowizji,,rent,2060,27,ONE,,,,,,pomorskie,,,
68027930,otodom,https://www.otodom.pl/pl/oferta/mieszkanie-40-m-na-wynajem-gdansk-osiedle-lawendowe-wzgorze-26-ID4BraG,"Mieszkanie 40 m² na wynajem – Gdańsk, Osiedle Lawendowe Wzgórze 26",,rent,3000,40,TWO,,,,,,pomorskie,,,
68027935,otodom,https://www.otodom.pl/pl/oferta/dwa-pokoje-morena-piekny-widok-ID4BraL,Dwa pokoje | Morena | Piękny widok,,rent,2700,37,TWO,,,,,,pomorskie,,,
68027860,otodom,https://www.otodom.pl/pl/oferta/2-pokoje-46-m-blisko-morza-przymorze-ID4Br9y,2 pokoje | 46 m² | blisko morza | Przymorze,,rent,2500,46,TWO,,,,,,pomorskie,,,
68027653,otodom,https://www.otodom.pl/pl/oferta/nowoczesna-kawalerka-bez-prowizji-pets-friendly-od-zaraz-ID4Br6d,Nowoczesna kawalerka | Bez prowizji | Pets Friendly |Od zaraz,,rent,2520,28.5,ONE,,,,,,pomorskie,,,
68027615,otodom,https://www.otodom.pl/pl/oferta/kawalerka-przyjazna-zwierzetom-bezposrednio-od-zaraz-ID4Br5B,Kawalerka | Przyjazna zwierzętom | Bezpośrednio | Od zaraz,,rent,2180,23.3,ONE,,,,,,pomorskie,,,
68027583,otodom,https://www.otodom.pl/pl/oferta/do-wynajecia-eleganckie-2-pokojowe-mieszkanie-z-balkonem-ID4Br55,Do wynajęcia eleganckie 2-pokojowe mieszkanie z balkonem,,rent,2100,40,TWO,,,,,,pomorskie,,,
68027577,otodom,https://www.otodom.pl/pl/oferta/2-oddzielne-pokoje-bez-prowizji-od-zaraz-przymorze-ID4Br4Z,2 Oddzielne Pokoje | Bez Prowizji | Od Zaraz | Przymorze,,rent,2700,35,TWO,,,,,,pomorskie,,,
67989339,otodom,https://www.otodom.pl/pl/oferta/wrzeszcz-park-jaskowej-doliny-ogrodek-garaz-fitness-ID4Bh8f,Wrzeszcz park Jaśkowej Doliny ogródek garaż fitness,,rent,2900,38,ONE,,,,,,pomorskie,,,
59923610,otodom,https://www.otodom.pl/pl/oferta/mieszkanie-gdansk-gdansk-oliwa-ul-opacka-22-ID43qRQ,"Mieszkanie Gdańsk Gdańsk, Oliwa, ul. Opacka 22",,rent,3800,54,TWO,,,,,,pomorskie,,,
68026490,otodom,https://www.otodom.pl/pl/oferta/z-widokiem-na-morze-2pok-trzy-zagle-ID4BqNs,"Z widokiem na morze, 2pok. Trzy Żagle",,rent,3200,47,TWO,,,,,,pomorskie,,,
68026361,otodom,https://www.otodom.pl/pl/oferta/4-pokoje-z-ogrodkiem-osiedle-zielone-strzezone-ID4BqLn,"4 pokoje z ogródkiem, osiedle zielone, strzeżone",,rent,7500,80.58,FOUR,,,,,,pomorskie,,,
67516452,otodom,https://www.otodom.pl/pl/oferta/mieszkanie-ul-chmielna-3-gdansk-od-wrzesnia-ID4zi72,"Mieszkanie, ul. Chmielna 3, Gdańsk, OD WRZEŚNIA",,rent,3200,42,ONE,,,,,,pomorskie,,,
68026200,otodom,https://www.otodom.pl/pl/oferta/2-oddzielne-pokoje-przyjazne-zwierzetom-wrzeszcz-od-15-czerwca-ID4BqIM,2 Oddzielne Pokoje | Przyjazne zwierzętom | Wrzeszcz | Od 15 czerwca,,rent,2620,37.53,TWO,,,,,,pomorskie,,,
68026144,otodom,https://www.otodom.pl/pl/oferta/3-oddzielne-pokoje-media-all-in-idealne-dla-studentow-ID4BqHS,3 oddzielne pokoje >>MEDIA ALL IN<< Idealne dla studentów!,,rent,3935,52,THREE,,,,,,pomorskie,,,
68026043,otodom,https://www.otodom.pl/pl/oferta/4-pok-mieszkanie-gdansk-przymorze-1km-od-morza-ID4BqGf,"4 pok. mieszkanie - Gdańsk Przymorze, 1km od morza",,rent,5150,70.9,FOUR,,,,,,pomorskie,,,
66892081,otodom,https://www.otodom.pl/pl/oferta/gdansk-wrzeszcz-garnizon-komfortowy-apartament-bez-prowizji-ID4vFGx,Gdańsk Wrzeszcz Garnizon komfortowy apartament bez prowizji,,rent,3350,35.5,ONE,,,,,,pomorskie,,,
68026007,otodom,https://www.otodom.pl/pl/oferta/wyspa-spichrzow-2-pokoje-z-tarasem-ID4BqFF,Wyspa Spichrzów | 2 pokoje z tarasem,,rent,3900,48,TWO,,,,,,pomorskie,,,
68025972,otodom,https://www.otodom.pl/pl/oferta/2-pokojowe-wrzeszcz-od-15-06-elastyczny-wynajem-pets-friendly-ID4BqF6,2-pokojowe | Wrzeszcz| Od 15.06 | Elastyczny wynajem| Pets friendly,,rent,2430,36,TWO,,,,,,pomorskie,,,
96783612400067,otodom,https://www.otodom.pl/pl/oferta/studio-ostatnie-dni-promocji-1-miesiac-50-taniej-ID4ADh2,Studio |OSTATNIE DNI PROMOCJI 1 MIESIĄC 50% TANIEJ!!,,rent,2050,22,ONE,,,,,,pomorskie,,,
68025956,otodom,https://www.otodom.pl/pl/oferta/nowe-studio-centrum-wrzeszcza-przyjazne-zwierzetom-ID4BqEQ,Nowe Studio | Centrum Wrzeszcza! | Przyjazne zwierzętom,,rent,2070,25,ONE,,,,,,pomorskie,,,
68025950,otodom,https://www.otodom.pl/pl/oferta/mieszkanie-3-pokojowe-najem-pracowniczy-dla-9os-ID4BqEK,Mieszkanie 3 pokojowe - najem pracowniczy dla 9os.,,rent,650,77,THREE,,,,,,pomorskie,,,
68025927,otodom,https://www.otodom.pl/pl/oferta/2-pokoje-na-wynajem-na-gdanskim-przymorzu-ID4BqEn,2 pokoje na wynajem na Gdańskim Przymorzu,,rent,2700,38,TWO,,,,,,pomorskie,,,
68003806,otodom,https://www.otodom.pl/pl/oferta/do-wynajecia-sloneczne-mieszkanie-gdansk-aniolki-ul-trubadurow-34-ID4BkTA,"Do wynajęcia słoneczne mieszkanie – Gdańsk Aniołki, ul. Trubadurów 34",,rent,1800,30,ONE,,,,,,pomorskie,,,
67777209,otodom,https://www.otodom.pl/pl/oferta/wygodne-2-pokoje-z-miejscem-w-hali-garazowej-gdansk-niepolomicka-ID4AnVN,"Wygodne 2 pokoje z miejscem w hali garażowej - Gdańsk, Niepołomicka",,rent,2500,42,TWO,,,,,,pomorskie,,,
67231653,otodom,https://www.otodom.pl/pl/oferta/kawalerka-silownia-sauna-i-co-working-bez-prowizji-ID4y61w,"Kawalerka- siłownia, sauna i co-working BEZ PROWIZJI",,rent,2150,24,ONE,,,,,,pomorskie,,,
67903613,otodom,https://www.otodom.pl/pl/oferta/nowe-mieszkanie-gdansk-jasien-ID4AUPz,NOWE MIESZKANIE - GDAŃSK - JAŚIEŃ,,rent,3200,54,THREE,,,,,,pomorskie,,,
67903570,otodom,https://www.otodom.pl/pl/oferta/nowe-mieszkanie-gdansk-jasien-ID4AUOS,NOWE MIESZKANIE - GDAŃSK - JAŚIEŃ,,rent,2500,44,TWO,,,,,,pomorskie,,,
65556487,otodom,https://www.otodom.pl/pl/oferta/apartament-na-wynajem-z-widokiem-na-morze-ID4r4eH,Apartament na wynajem z widokiem na morze,,rent,3300,40,TWO,,,,,,pomorskie,,,
65866581,otodom,https://www.otodom.pl/pl/oferta/nowy-apartament-gdansk-zajezdnia-wrzeszcz-ID4smUd,NOWY Apartament Gdańsk Zajezdnia Wrzeszcz,,rent,4600,51,TWO,,,,,,pomorskie,,,
67357759,otodom,https://www.otodom.pl/pl/oferta/noli-gdansk-riverside-ID4yCPt,Noli Gdańsk Riverside,,rent,,,,,,,,,pomorskie,,,
68024996,otodom,https://www.otodom.pl/pl/oferta/3-pokoje-nieumeblowane-zaaranzuj-po-swojemu-ID4Bqpm,"3 pokoje, Nieumeblowane – zaaranżuj po swojemu!",,rent,3200,50.78,THREE,,,,,,pomorskie,,,
68024898,otodom,https://www.otodom.pl/pl/oferta/przytulne-2-pokojowe-mieszkanie-z-miejscme-postojowym-gdansk-zaspa-ID4BqnM,Przytulne 2 pokojowe mieszkanie z miejscme postojowym Gdansk Zaspa,,rent,3400,45,TWO,,,,,,pomorskie,,,
68024128,otodom,https://www.otodom.pl/pl/oferta/sloneczne-2-pokojowe-mieszkanie-z-balkonem-i-widokiem-na-park-ID4Bqbm,Słoneczne 2-pokojowe mieszkanie z balkonem i widokiem na park,,rent,2800,35,TWO,,,,,,pomorskie,,,
67975116,otodom,https://www.otodom.pl/pl/oferta/nowe-wysokiej-jakosci-mieszkanie-orunia-ID4BdqQ,"Nowe, wysokiej jakości mieszkanie Orunia",,rent,4000,67.5,THREE,,,,,,pomorskie,,,
68022846,otodom,https://www.otodom.pl/pl/oferta/kawalerka-tuz-przy-lesie-wynajem-na-rok-ID4BpQG,Kawalerka tuż przy lesie- wynajem na rok,,rent,2500,35,ONE,,,,,,pomorskie,,,
68022737,otodom,https://www.otodom.pl/pl/oferta/prawdziwa-lokalizacyjna-petarda-2-pokoje-ID4BpOW,prawdziwa lokalizacyjna petarda! 2 pokoje,,rent,2200,26,TWO,,,,,,pomorskie,,,
67988029,otodom,https://www.otodom.pl/pl/oferta/atrakcyjne-mieszkanie-2-pok-dobra-lokalizacja-dlugi-okres-od-1-viii-ID4BgN7,Atrakcyjne mieszkanie 2 pok. dobra lokalizacja-długi okres (od 1.VIII),,rent,2100,36,TWO,,,,,,pomorskie,,,
67981893,otodom,https://www.otodom.pl/pl/oferta/nowe-mieszkanie-dla-pierwszych-najmecow-2-pokoje-piwnica-opcja-parking-ID4Bfc9,NOWE mieszkanie dla PIERWSZYCH NAJMECÓW-2 pokoje+piwnica+opcja parking,,rent,2600,36.25,TWO,,,,,,pomorskie,,,
67903240,otodom,https://www.otodom.pl/pl/oferta/70-metrowe-mieszkanie-do-wynajecia-od-zaraz-ID4AUJy,70 metrowe mieszkanie do wynajęcia od zaraz,,rent,3550,70,THREE,,,,,,pomorskie,,,
68021994,otodom,https://www.otodom.pl/pl/oferta/nowoczesne-2-pokoje-pets-friendly-stocznia-od-zaraz-ID4BpCV,Nowoczesne 2 Pokoje | Pets Friendly | Stocznia | Od zaraz,,rent,2430,31,TWO,,,,,,pomorskie,,,
68021998,otodom,https://www.otodom.pl/pl/oferta/2-oddzielne-pokoje-bezposrednio-pets-friendly-od-zaraz-stocznia-ID4BpD0,2 Oddzielne Pokoje | Bezpośrednio | Pets Friendly | Od Zaraz |Stocznia,,rent,2880,40,TWO,,,,,,pomorskie,,,
67923198,otodom,https://www.otodom.pl/pl/oferta/luksusowy-apartament-200m-od-plazy-tarasy-baltyku-ID4AZWs,Luksusowy apartament 200m od plaży |Tarasy Bałtyku,,rent,4500,50,TWO,,,,,,pomorskie,,,
67359323,otodom,https://www.otodom.pl/pl/oferta/lightly-furnished-studio-25m2-last-days-of-promotion-ID4yDeH,Lightly Furnished | Studio | 25m2 -LAST DAYS OF PROMOTION!,,rent,2190,25,ONE,,,,,,pomorskie,,,
68021779,otodom,https://www.otodom.pl/pl/oferta/wynajme-od-czerwca3-pokoje-parking-komorka-ID4Bpzt,"Wynajmę od czerwca*3 pokoje, parking, komórka",,rent,3300,63,THREE,,,,,,pomorskie,,,
68021700,otodom,https://www.otodom.pl/pl/oferta/bez-prowizji-przyjazne-zwierzetom-od-zaraz-studio-stocznia-ID4Bpyc,Bez prowizji! | Przyjazne zwierzętom | Od zaraz | Studio | Stocznia,,rent,1960,24.7,ONE,,,,,,pomorskie,,,
66694062,otodom,https://www.otodom.pl/pl/oferta/studio-z-2-osobnymi-sypialniami-w-pelni-wyposazone-ID4wQaG,Studio z 2 osobnymi sypialniami | W pełni wyposażone,,rent,3400,39,THREE,,,,,,pomorskie,,,
66694175,otodom,https://www.otodom.pl/pl/oferta/studio-typu-compact-1-miesiac-50-taniej-pet-friendly-ID4wQcw,Studio typu Compact |  1 MIESIĄC 50% TANIEJ | Pet friendly,,rent,2000,19,ONE,,,,,,pomorskie,,,
67995592,otodom,https://www.otodom.pl/pl/oferta/2pokoje-obok-tramwaj-10-min-do-centrum-ID4BiL6,2pokoje/Obok tramwaj/10 min do Centrum,,rent,2700,43,TWO,,,,,,pomorskie,,,
64261250,otodom,https://www.otodom.pl/pl/oferta/nowe-2-pokoje-poludnie-gdanska-atrakcyjna-cena-dla-firm-ID4lDhM,Nowe 2 pokoje Południe Gdańska atrakcyjna cena dla firm,,rent,2590,42,TWO,,,,,,pomorskie,,,
68021104,otodom,https://www.otodom.pl/pl/oferta/apartament-ul-czarny-dwor-2-pokoje-ID4BpoA,Apartament ul. Czarny Dwór - 2 pokoje,,rent,3800,48.75,TWO,,,,,,pomorskie,,,
68021066,otodom,https://www.otodom.pl/pl/oferta/2-sloneczne-pokoje-w-kamienicy-przy-ul-hallera-z-miejscem-parkingowym-ID4BpnY,2 słoneczne pokoje w kamienicy przy. ul Hallera z miejscem parkingowym,,rent,2750,52,TWO,,,,,,pomorskie,,,
68008457,otodom,https://www.otodom.pl/pl/oferta/wynajme-3-pokojowe-mieszkanie-na-przymorzu-garderoba-hala-garazowa-ID4Bm6B,"Wynajmę 3-pokojowe mieszkanie na Przymorzu – garderoba, hala garażowa",,rent,3900,72,THREE,,,,,,pomorskie,,,
67902909,otodom,https://www.otodom.pl/pl/oferta/kawalerka-do-wynajecia-25-5-m-ogrodek-komorka-lokatorska-ID4AUEd,"Kawalerka do wynajęcia 25,5 m² – ogródek, komórka lokatorska",,rent,2100,25.5,ONE,,,,,,pomorskie,,,
96802595600067,otodom,https://www.otodom.pl/pl/oferta/nowe-studio-centrum-wrzeszcza-przyjazne-zwierzetom-ID4BqEQ,Nowe Studio | Centrum Wrzeszcza! | Przyjazne zwierzętom,,rent,2070,25,ONE,,,,,,pomorskie,,,
67716354,otodom,https://www.otodom.pl/pl/oferta/nowoczesne-2-pokojowe-mieszkanie-na-wynajem-lawendowe-wzgorze-parking-ID4A87g,"Nowoczesne 2-pokojowe mieszkanie na wynajem, Lawendowe Wzgórze|Parking",,rent,2400,40,TWO,,,,,,pomorskie,,,
67664786,otodom,https://www.otodom.pl/pl/oferta/nowoczesny-apartament-do-wynajecia-pierwszy-najem-sloneczny-ID4zUHv,"Nowoczesny apartament do wynajęcia – pierwszy najem, słoneczny",,rent,2200,40,TWO,,,,,,pomorskie,,,
67620970,otodom,https://www.otodom.pl/pl/oferta/przestronne-3-pokojowe-mieszkanie-dla-rodziny-lub-pary-ID4zJiO,Przestronne 3-pokojowe mieszkanie dla rodziny lub pary,,rent,2900,64,THREE,,,,,,pomorskie,,,
68020820,otodom,https://www.otodom.pl/pl/oferta/nowa-kawalerka-obok-ecs-ID4Bpk0,Nowa kawalerka obok Ecs,,rent,2500,25,ONE,,,,,,pomorskie,,,
68020777,otodom,https://www.otodom.pl/pl/oferta/wynajem-46-3m2-2-pokoje-ID4Bpjj,"Wynajem 46,3m2, 2 pokoje",,rent,3000,46.3,TWO,,,,,,pomorskie,,,
67977226,otodom,https://www.otodom.pl/pl/oferta/wygodne-4-pokoje-z-widokiem-na-morze-ul-chlopska-ID4BdYS,"Wygodne 4 pokoje z widokiem na morze, ul. Chłopska",,rent,5000,69.4,FOUR,,,,,,pomorskie,,,
68020044,otodom,https://www.otodom.pl/pl/oferta/mieszkanie-3-pokojowe-ul-wegrzyna-bez-prowizji-ID4Bp7u,Mieszkanie 3 pokojowe  ul. Węgrzyna  BEZ PROWIZJI,,rent,3200,54,THREE,,,,,,pomorskie,,,
68019910,otodom,https://www.otodom.pl/pl/oferta/apartament-blisko-centrum-wynajem-caloroczny-ID4Bp5k,Apartament blisko centrum- wynajem całoroczny,,rent,2300,15,ONE,,,,,,pomorskie,,,
66413549,otodom,https://www.otodom.pl/pl/oferta/wynajme-mieszkanie-2-pokojowe-45m2-gdansk-poludnie-ID4uFch,Wynajmę mieszkanie 2 pokojowe 45m2 Gdańsk Południe,,rent,2650,45,TWO,,,,,,pomorskie,,,
68015551,otodom,https://www.otodom.pl/pl/oferta/mieszkanie-do-wynajecia-gdansk-matarnia-ID4BnX1,Mieszkanie do wynajęcia. Gdańsk Matarnia,,rent,2600,51.2,TWO,,,,,,pomorskie,,,
68019538,otodom,https://www.otodom.pl/pl/oferta/2-pokoje-39m2-osiedle-pastelowe-ID4BoZk,2 pokoje | 39m2 | osiedle pastelowe,,rent,2500,39,TWO,,,,,,pomorskie,,,
67939734,otodom,https://www.otodom.pl/pl/oferta/gdansk-przymorze-komfortowy-apartament-15-pietro-ID4B4ea,"Gdańsk Przymorze! Komfortowy apartament, 15 piętro",,rent,6800,80,THREE,,,,,,pomorskie,,,
68014312,otodom,https://www.otodom.pl/pl/oferta/klimatyzacja-prywatna-sauna-78-m-3-pokoje-swiezo-odremontowane-ID4BnD2,Klimatyzacja + prywatna sauna| 78 m² | 3 pokoje | świeżo odremontowane,,rent,5700,78,THREE,,,,,,pomorskie,,,
68019199,otodom,https://www.otodom.pl/pl/oferta/gdansk-3-pokoje-65m2-jelitkowski-dwor-od-czerwca-ID4BoTR,Gdańsk 3 pokoje 65m2 Jelitkowski Dwór od Czerwca,,rent,4200,65,THREE,,,,,,pomorskie,,,
67190710,otodom,https://www.otodom.pl/pl/oferta/sloneczne-3-pokoje-60m2-morena-hala-balkon-ID4xWn8,Słoneczne 3 pokoje 60m2 Morena hala balkon,,rent,3500,60,THREE,,,,,,pomorskie,,,
67237056,otodom,https://www.otodom.pl/pl/oferta/2-pokoje-70-m2-balkon-hala-marina-jachtowa-ID4y7qE,"2 pokoje 70 m2  balkon  hala, marina jachtowa",,rent,3900,70,TWO,,,,,,pomorskie,,,
66444594,otodom,https://www.otodom.pl/pl/oferta/apartament-3-pokoje-parking-gdansk-sw-barbary-dlugi-wynajem-ID4uNh0,Apartament - 3 pokoje. Parking. Gdańsk św. Barbary. Długi wynajem,,rent,4600,70,THREE,,,,,,pomorskie,,,
65567365,otodom,https://www.otodom.pl/pl/oferta/wynajme-szeregowke-gdansk-sienna-5b-ID4r749,Wynajmę szeregówkę Gdańsk Sienna 5B,,rent,13000,150,FOUR,,,,,,pomorskie,,,
65464037,otodom,https://www.otodom.pl/pl/oferta/kameralne-3-pokoje-ogrodek-2-miejsca-postojowe-ID4qGbz,Kameralne 3 pokoje+ogródek+2 miejsca postojowe,,rent,3500,53,THREE,,,,,,pomorskie,,,
67894904,otodom,https://www.otodom.pl/pl/oferta/nowy-apartament-2-pokojowy-z-duzym-ogrodkiem-33-m-ID4ASz6,NOWY Apartament 2 pokojowy z dużym ogródkiem 33 m²,,rent,2700,36,TWO,,,,,,pomorskie,,,
68017651,otodom,https://www.otodom.pl/pl/oferta/3-pokoje-garaz-taras-dwie-lazienki-ID4BouT,"3 pokoje, garaż, taras, dwie łazienki",,rent,3600,72.8,THREE,,,,,,pomorskie,,,
68017379,otodom,https://www.otodom.pl/pl/oferta/duze-mieszkanie-52m2-na-przymorzu-blisko-obc-ID4Boqw,"Duże mieszkanie 52m2 na Przymorzu, blisko Obc",,rent,2800,52,TWO,,,,,,pomorskie,,,
68017034,otodom,https://www.otodom.pl/pl/oferta/lostowice-2-pokoje-ogrodek-parking-wysoki-stan-ID4BokV,"Łostowice, 2 pokoje, ogródek, parking, wysoki stan",,rent,3000,37,TWO,,,,,,pomorskie,,,
67964865,otodom,https://www.otodom.pl/pl/oferta/nowe-jasne-2pok-garnizon-lux-komorka-gdansk-ID4BaLw,Nowe jasne 2pok Garnizon Lux Komórka Gdańsk,,rent,4200,47.85,TWO,,,,,,pomorskie,,,
68016722,otodom,https://www.otodom.pl/pl/oferta/nowoczesne-mieszkanie-osiedle-atrium-w-oliwie-ID4BofU,Nowoczesne mieszkanie |  Osiedle Atrium w Oliwie,,rent,3600,42.5,TWO,,,,,,pomorskie,,,
68016686,otodom,https://www.otodom.pl/pl/oferta/3m164313-ID4Bofk,3m164313,,rent,3500,70.65,THREE,,,,,,pomorskie,,,
67992391,otodom,https://www.otodom.pl/pl/oferta/ekskluzywny-dwupokojowy-apartament-atrium-oliva-ID4BhWt,Ekskluzywny dwupokojowy apartament | Atrium Oliva,,rent,4900,43,TWO,,,,,,pomorskie,,,
67992183,otodom,https://www.otodom.pl/pl/oferta/ekskluzywny-trzypokojowy-apartament-loft-atrium-oliva-ID4BhS7,Ekskluzywny trzypokojowy apartament loft | Atrium Oliva,,rent,6900,62,THREE,,,,,,pomorskie,,,
68016159,otodom,https://www.otodom.pl/pl/oferta/2-pokoje-41m2-balkon-miejsce-postojowe-naziemne-ID4Bo6P,"2-pokoje, 41m2, balkon, miejsce postojowe naziemne",,rent,3300,41,TWO,,,,,,pomorskie,,,
68016119,otodom,https://www.otodom.pl/pl/oferta/wrzeszcz-2-pok-z-balkonem-ID4Bo6b,"Wrzeszcz, 2 pok z balkonem",,rent,2600,42,TWO,,,,,,pomorskie,,,
68016058,otodom,https://www.otodom.pl/pl/oferta/2-pokoje-prestizowe-osiedle-oliwa-ID4Bo5c,"2 pokoje, prestiżowe osiedle - Oliwa",,rent,3600,48,TWO,,,,,,pomorskie,,,
67974722,otodom,https://www.otodom.pl/pl/oferta/3pokoje-obok-przystanek-ID4Bdku,3pokoje/Obok przystanek/,,rent,3000,50,THREE,,,,,,pomorskie,,,
63122314,otodom,https://www.otodom.pl/pl/oferta/od-31-sierpnia-2026-najem-dlugoterminowy-ID4gQZQ,Od 31. sierpnia 2026 Najem długoterminowy,,rent,3500,41,TWO,,,,,,pomorskie,,,
67929526,otodom,https://www.otodom.pl/pl/oferta/blisko-centrum-w-pelni-wyposazona-2min-do-tramwaju-ID4B1zv,Blisko Centrum/W pełni wyposażona/2min do tramwaju,,rent,2100,25,ONE,,,,,,pomorskie,,,
67997826,otodom,https://www.otodom.pl/pl/oferta/nowe-z-ogrodkiem-10min-do-wyspy-spichrzow-ID4Bjl8,Nowe/Z ogródkiem/10min do Wyspy Spichrzów,,rent,2400,28,ONE,,,,,,pomorskie,,,
67870302,otodom,https://www.otodom.pl/pl/oferta/2-pokoje-oddzielna-kuchnia-balkon-miejsce-parkingowe-ID4AMai,2 pokoje + oddzielna kuchnia | balkon | miejsce parkingowe |,,rent,3150,54,TWO,,,,,,pomorskie,,,
96771635400067,otodom,https://www.otodom.pl/pl/oferta/nowoczesne-2-pokojowe-mieszkanie-na-wynajem-lawendowe-wzgorze-parking-ID4A87g,"Nowoczesne 2-pokojowe mieszkanie na wynajem, Lawendowe Wzgórze|Parking",,rent,2400,40,TWO,,,,,,pomorskie,,,
67951213,otodom,https://www.otodom.pl/pl/oferta/dwupokojowe-mieszkanie-na-gdanskiej-przerobce-ID4B7dj,Dwupokojowe mieszkanie na gdańskiej Przeróbce,,rent,2000,42,TWO,,,,,,pomorskie,,,
66585109,otodom,https://www.otodom.pl/pl/oferta/wynajme-nowe-mieszknie-ID4wnPn,wynajmę nowe mieszknie,,rent,3500,57,THREE,,,,,,pomorskie,,,
68015106,otodom,https://www.otodom.pl/pl/oferta/rodzinny-apartament-przy-parku-reagana-ID4BnPQ,Rodzinny apartament przy Parku Reagana,,rent,8000,92,FOUR,,,,,,pomorskie,,,
67183274,otodom,https://www.otodom.pl/pl/oferta/kawalerka-silownia-sauna-i-co-working-bez-prowizji-ID4xTrc,"Kawalerka -  siłownia, sauna i co-working BEZ PROWIZJI",,rent,2250,21,ONE,,,,,,pomorskie,,,
66826442,otodom,https://www.otodom.pl/pl/oferta/apartament-2-pok-silownia-sauna-i-co-working-bez-prowizji-ID4voBQ,"Apartament 2 pok. -  siłownia, sauna i co-working BEZ PROWIZJI",,rent,2600,32,TWO,,,,,,pomorskie,,,
68014980,otodom,https://www.otodom.pl/pl/oferta/3-pok-blisko-centrum-gdanska-garaz-ID4BnNO,3 pok blisko centrum Gdańska garaż,,rent,3700,75,THREE,,,,,,pomorskie,,,
68014970,otodom,https://www.otodom.pl/pl/oferta/morena-2-pokoje-z-miejscem-postojowym-ID4BnNE,Morena - 2 pokoje z miejscem postojowym,,rent,2700,58,TWO,,,,,,pomorskie,,,
67884123,otodom,https://www.otodom.pl/pl/oferta/apartament-z-ogrodem-w-doskonalej-lokalizacji-wrzeszcz-gdansk-ID4APLd,"APARTAMENT Z OGRODEM W DOSKONAŁEJ LOKALIZACJI – WRZESZCZ, GDAŃSK",,rent,4900,60,TWO,,,,,,pomorskie,,,
68014762,otodom,https://www.otodom.pl/pl/oferta/neptun-park-3-pokoje-92-50-m2-2-tarasy-komorka-ID4BnKi,"Neptun Park, 3-pokoje, 92,50 m2, 2 tarasy, komórka",,rent,5800,92.5,THREE,,,,,,pomorskie,,,
67915069,otodom,https://www.otodom.pl/pl/oferta/pierwszy-najemca-komfort-39-m-przy-parku-orunskim-balkon-garaz-ID4AXOl,Pierwszy najemca | Komfort- 39 m² przy Parku Oruńskim | Balkon | Garaż,,rent,3000,39,TWO,,,,,,pomorskie,,,
68014467,otodom,https://www.otodom.pl/pl/oferta/eleganckie-2-pokojowe-mieszkanie-do-wynajecia-ID4BnFx,Eleganckie 2-pokojowe mieszkanie do wynajęcia,,rent,2300,33,TWO,,,,,,pomorskie,,,
68014504,otodom,https://www.otodom.pl/pl/oferta/zajezdnia-wrzeszcz-od-czerwca-2-lazienki-ID4BnG8,Zajezdnia Wrzeszcz | Od czerwca | 2 łazienki,,rent,4500,60,THREE,,,,,,pomorskie,,,
68014494,otodom,https://www.otodom.pl/pl/oferta/srebrna-cisza-i-odpoczynek-ID4BnFY,Srebrna - cisza i odpoczynek,,rent,3000,50,THREE,,,,,,pomorskie,,,
67983232,otodom,https://www.otodom.pl/pl/oferta/kawalerka-30-4m2-gdansk-oliwa-ID4BfxK,"Kawalerka 30,4m2, Gdańsk Oliwa",,rent,2800,30.4,ONE,,,,,,pomorskie,,,
68014147,otodom,https://www.otodom.pl/pl/oferta/2-pok-mieszkanie-na-kielpinku-wiszace-ogrody-ID4BnAn,2 pok. mieszkanie na Kiełpinku - Wiszące Ogrody,,rent,2700,56,TWO,,,,,,pomorskie,,,
68014149,otodom,https://www.otodom.pl/pl/oferta/2-pokojowe-mieszkanie-w-oliwie-parking-ID4BnAp,2 pokojowe mieszkanie w Oliwie + parking!,,rent,3390,50,TWO,,,,,,pomorskie,,,
67907033,otodom,https://www.otodom.pl/pl/oferta/premium-garnizon-design-garaz-3pok-lux-gdansk-ID4AWIJ,Premium Garnizon Design Garaż 3pok Lux Gdańsk,,rent,5800,80,THREE,,,,,,pomorskie,,,
68013847,otodom,https://www.otodom.pl/pl/oferta/przytulne-trzypokojowe-mieszkanie-w-gdansku-oliwie-ID4Bnwx,Przytulne trzypokojowe mieszkanie w Gdańsku Oliwie,,rent,2990,56,THREE,,,,,,pomorskie,,,
63039450,otodom,https://www.otodom.pl/pl/oferta/bez-kaucji-dwupokojowe-mieszkanie-z-balkonem-i-garazem-w-gdansku-ID4gwrk,Bez Kaucji! Dwupokojowe mieszkanie z balkonem i garażem w Gdańsku,,rent,2500,39,TWO,,,,,,pomorskie,,,
67938159,otodom,https://www.otodom.pl/pl/oferta/doki-living-3-pokoje-5-pietro-wynajme-ID4B3OL,"DOKI LIVING 3 pokoje, 5 piętro - wynajmę",,rent,4900,53,THREE,,,,,,pomorskie,,,
67609832,otodom,https://www.otodom.pl/pl/oferta/mieszkanie-2-pokoje-po-remoncie-ciche-tylko-4-mieszkania-na-klatce-ID4zGpa,"Mieszkanie 2 pokoje , po remoncie, Ciche, tylko 4 mieszkania na klatce",,rent,3000,46,TWO,,,,,,pomorskie,,,
67783750,otodom,https://www.otodom.pl/pl/oferta/komfortowe-2-pokojowe-nowa-letnica-porto-blisko-morza-ID4ApEi,Komfortowe 2 pokojowe Nowa Letnica Porto  blisko morza,,rent,3000,42,TWO,,,,,,pomorskie,,,
67976974,otodom,https://www.otodom.pl/pl/oferta/2-pok-mieszkanie-na-kielpinku-wiszace-ogrody-ID4BdUO,2 pok. mieszkanie na Kiełpinku - Wiszące Ogrody,,rent,2700,56,TWO,,,,,,pomorskie,,,
66179791,otodom,https://www.otodom.pl/pl/oferta/2-pokojowy-apartament-39-m2-garnizon-komorka-lokatorska-ID4tGnZ,"2-pokojowy apartament 39 m2, Garnizon + komórka lokatorska",,rent,3400,39,TWO,,,,,,pomorskie,,,
67974138,otodom,https://www.otodom.pl/pl/oferta/unikatowe-wnetrza-dla-koneserow-designu-ID4Bdb4,Unikatowe wnętrza dla koneserów designu,,rent,8000,76,THREE,,,,,,pomorskie,,,
68013193,otodom,https://www.otodom.pl/pl/oferta/2-pokoje-nowe-osiedle-z-2023-roku-balkon-parking-ID4BnkZ,2 pokoje | Nowe Osiedle z 2023 roku| Balkon | Parking,,rent,2400,39,TWO,,,,,,pomorskie,,,
65450145,otodom,https://www.otodom.pl/pl/oferta/przestronne-mieszkanie-3-pokojowe-4-pory-roku-ID4qCzw,Przestronne mieszkanie 3-pokojowe. 4 Pory Roku,,rent,3300,68,THREE,,,,,,pomorskie,,,
67909265,otodom,https://www.otodom.pl/pl/oferta/piotrkowska-balkon-przytulne-nowa-kuchnia-ID4AViJ,"Piotrkowska, balkon, przytulne, nowa kuchnia",,rent,2500,35.12,TWO,,,,,,pomorskie,,,
67941902,otodom,https://www.otodom.pl/pl/oferta/przytulne-2-pok-mieszkanie-w-spokojnej-okolicy-ID4B4N8,Przytulne 2-Pok. Mieszkanie W Spokojnej Okolicy,,rent,2200,31.6,TWO,,,,,,pomorskie,,,
65881469,otodom,https://www.otodom.pl/pl/oferta/kawalerka-gdansk-zielony-widok-jasien-ID4sqMl,"Kawalerka Gdańsk Zielony Widok , Jasień",,rent,2200,30,ONE,,,,,,pomorskie,,,
55617352,otodom,https://www.otodom.pl/pl/oferta/nowy-budynek-z-winda-tarasem-piwnica-i-miejscem-parkingowym-ID3LmC4,"NOWY budynek z windą, tarasem, piwnicą i miejscem parkingowym",,rent,2250,35,TWO,,,,,,pomorskie,,,
62815197,otodom,https://www.otodom.pl/pl/oferta/2-pokojowe-mieszkanie-na-os-studio-morena-z-widokiem-na-zatoke-ID4fz6l,2-pokojowe mieszkanie na os. Studio Morena z widokiem na zatokę,,rent,2700,37,TWO,,,,,,pomorskie,,,
61357735,otodom,https://www.otodom.pl/pl/oferta/kawalerka-po-remoncie-nowoczesna-i-sloneczna-ID49rVT,"Kawalerka po remoncie, nowoczesna i słoneczna",,rent,2250,27,ONE,,,,,,pomorskie,,,
68012856,otodom,https://www.otodom.pl/pl/oferta/rezerwacja-ID4Bnfy,Rezerwacja,,rent,2500,50.7,TWO,,,,,,pomorskie,,,
68012589,otodom,https://www.otodom.pl/pl/oferta/gdansk-srodmiescie-2-pokoje-do-wynajecia-ID4Bnbf,Gdańsk Śródmieście - 2 pokoje do wynajęcia !,,rent,3100,40,TWO,,,,,,pomorskie,,,
67987966,otodom,https://www.otodom.pl/pl/oferta/rezerwacja-rezerwacja-ID4BgM6,REZERWACJA !! REZERWACJA !!,,rent,3700,86.43,THREE,,,,,,pomorskie,,,
96795121300067,otodom,https://www.otodom.pl/pl/oferta/dwupokojowe-mieszkanie-na-gdanskiej-przerobce-ID4B7dj,Dwupokojowe mieszkanie na gdańskiej Przeróbce,,rent,2000,42,TWO,,,,,,pomorskie,,,
67975072,otodom,https://www.otodom.pl/pl/oferta/apartament-w-sercu-wrzeszcza-przepiekny-widok-ID4Bdq8,"Apartament w sercu Wrzeszcza, przepiękny widok!",,rent,4500,68,THREE,,,,,,pomorskie,,,
68012266,otodom,https://www.otodom.pl/pl/oferta/mieszkanie-gdansk-jasien-ID4Bn62,Mieszkanie - Gdańsk Jasień,,rent,2500,43.4,TWO,,,,,,pomorskie,,,
64986999,otodom,https://www.otodom.pl/pl/oferta/mieszkanie-2-pokoje-z-ogrodkiem-centrum-wrzeszcza-ID4oG5p,"Mieszkanie 2 pokoje z ogródkiem, centrum Wrzeszcza",,rent,2700,57,TWO,,,,,,pomorskie,,,
64264142,otodom,https://www.otodom.pl/pl/oferta/gdansk-ul-ujescisko-ID4lE2q,Gdańsk ul. Ujeścisko,,rent,3100,47.6,TWO,,,,,,pomorskie,,,
68012094,otodom,https://www.otodom.pl/pl/oferta/2pok-doskonala-lokalizacja-wrzeszcz-jasne-wygodne-ID4Bn3g,2pok doskonała lokalizacja Wrzeszcz jasne wygodne,,rent,2600,35,TWO,,,,,,pomorskie,,,
63696115,otodom,https://www.otodom.pl/pl/oferta/mieszkanie-3-pokoje-zwierzeta-mile-widziane-ID4jggH,"Mieszkanie 3 pokoje, zwierzęta mile widziane",,rent,4850,62,THREE,,,,,,pomorskie,,,
63575998,otodom,https://www.otodom.pl/pl/oferta/mieszkanie-3-pokoje-z-garderoba-ID4iL1k,Mieszkanie 3 pokoje z garderobą,,rent,4000,56.48,THREE,,,,,,pomorskie,,,
64101448,otodom,https://www.otodom.pl/pl/oferta/2-pokojowe-mieszkanie-do-wynajecia-od-zaraz-ID4kXIk,2-pokojowe mieszkanie do wynajęcia od zaraz!,,rent,3600,43,TWO,,,,,,pomorskie,,,
63141954,otodom,https://www.otodom.pl/pl/oferta/2-pokojowe-mieszkanie-do-wynajecia-od-zaraz-ID4gV6C,2-pokojowe mieszkanie do wynajęcia od zaraz !,,rent,3080,41.87,TWO,,,,,,pomorskie,,,
67942009,otodom,https://www.otodom.pl/pl/oferta/przytulne-mieszkanie-na-morenie-w-dobrze-skomunikowanej-okolicy-ID4B4OR,"Przytulne mieszkanie na Morenie, w dobrze skomunikowanej okolicy.",,rent,3000,56,TWO,,,,,,pomorskie,,,
67219265,otodom,https://www.otodom.pl/pl/oferta/gdansk-wrzeszcz-blisko-centrum-miasta-wynajme-mieszkanie-2-pokojowe-ID4y2NH,(Gdańsk wrzeszcz blisko centrum miasta ) WYNAJMĘ Mieszkanie 2-pokojowe,,rent,2500,50,TWO,,,,,,pomorskie,,,
68011792,otodom,https://www.otodom.pl/pl/oferta/funkcjonalne-mieszkanie-3pok-z-widokiem-na-zielen-ID4BmYo,Funkcjonalne mieszkanie 3pok. z widokiem na zieleń,,rent,3400,58,THREE,,,,,,pomorskie,,,
68011765,otodom,https://www.otodom.pl/pl/oferta/komfortowe-2-pok-bastion-walowa-srodmiescie-gdansk-ID4BmXX,Komfortowe 2 pok Bastion Wałowa Środmieście Gdańsk,,rent,2800,33.46,TWO,,,,,,pomorskie,,,
67834675,otodom,https://www.otodom.pl/pl/oferta/na-wynajem-mieszkanie-2-pokojowe-wysoki-standard-swietna-lokalizacja-ID4ACTF,"Na wynajem mieszkanie 2-pokojowe– wysoki standard, świetna lokalizacja",,rent,4200,42,TWO,,,,,,pomorskie,,,
67976770,otodom,https://www.otodom.pl/pl/oferta/3-oddzielne-pokoje-dla-studentow-mozliwa-umowa-od-pazdziernika-ID4BdRv,3 oddzielne pokoje - dla studentów - możliwa umowa od października,,rent,3905,57,THREE,,,,,,pomorskie,,,
67976687,otodom,https://www.otodom.pl/pl/oferta/nowe-3-pokojowe-bez-prowizji-pets-friendly-ID4BdQb,NOWE 3 pokojowe/ Bez prowizji/ Pets Friendly,,rent,3285,48,THREE,,,,,,pomorskie,,,
68011360,otodom,https://www.otodom.pl/pl/oferta/nowe-2-pokojowe-mieszkanie-faro-robyg-blisko-morza-i-parku-ID4BmRq,"NOWE, 2-pokojowe mieszkanie | Faro Robyg | blisko morza i Parku",,rent,3100,40,TWO,,,,,,pomorskie,,,
67976623,otodom,https://www.otodom.pl/pl/oferta/nowe-2-pokoje-idealne-dla-studenta-mozliwa-umowa-od-pazdziernika-ID4BdP9,NOWE 2 pokoje - idealne dla studenta - możliwa umowa od października,,rent,2380,31,TWO,,,,,,pomorskie,,,
67976593,otodom,https://www.otodom.pl/pl/oferta/2-pokojowy-apartament-bez-prowizji-srodmiescie-super-lokalizacja-ID4BdOF,"2 pokojowy apartament > BEZ PROWIZJI < Śródmieście, super lokalizacja",,rent,2590,36,TWO,,,,,,pomorskie,,,
67976526,otodom,https://www.otodom.pl/pl/oferta/kawalerka-w-super-lokalizacji-promo-przyjazne-zwierzetom-ID4BdNA,Kawalerka w super lokalizacji - PROMO - Przyjazne zwierzętom,,rent,1910,27,ONE,,,,,,pomorskie,,,
67976393,otodom,https://www.otodom.pl/pl/oferta/nowe-studio-mozliwa-umowa-od-pazdziernika-bez-prowizji-ID4BdLr,NOWE Studio - Możliwa umowa od października - Bez prowizji,,rent,1950,24.7,ONE,,,,,,pomorskie,,,
66967007,otodom,https://www.otodom.pl/pl/oferta/do-wynajecia-kawalerka-w-gdansku-blisko-starego-miasta-ID4vZb1,Do wynajecia kawalerka w Gdansku blisko Starego Miasta,,rent,2600,35,ONE,,,,,,pomorskie,,,
68011169,otodom,https://www.otodom.pl/pl/oferta/rezerwacja-2-pokojowe-mieszkanie-dla-pary-lub-singla-ID4BmOl,REZERWACJA: 2-pokojowe mieszkanie dla pary lub singla,,rent,2500,46,TWO,,,,,,pomorskie,,,
68010921,otodom,https://www.otodom.pl/pl/oferta/mieszkanie-2-pokoje-z-balkonem-i-garazem-w-gdansku-awiator-ID4BmKl,Mieszkanie 2 pokoje z balkonem i garażem w Gdańsku - Awiator,,rent,3200,48.18,TWO,,,,,,pomorskie,,,
66717575,otodom,https://www.otodom.pl/pl/oferta/mieszkanie-na-wynajem-z-balkonem-i-garazem-ID4wVhW,Mieszkanie na wynajem z balkonem i garażem,,rent,2800,37,TWO,,,,,,pomorskie,,,
57633152,otodom,https://www.otodom.pl/pl/oferta/przestronny-i-sloneczny-apartament-70m2-ul-szafarnia-starowka-ID3TP0Y,"Przestronny i słoneczny apartament 70m2, ul. Szafarnia, Starówka",,rent,3900,70,TWO,,,,,,pomorskie,,,
68010675,otodom,https://www.otodom.pl/pl/oferta/sloneczne-dwupokojowe-mieszkanie-z-miejscem-postojowym-i-piwnica-ID4BmGn,Słoneczne dwupokojowe mieszkanie z miejscem postojowym i piwnicą,,rent,2500,36,TWO,,,,,,pomorskie,,,
68010598,otodom,https://www.otodom.pl/pl/oferta/mieszkanie-70-m-gdansk-ID4BmF8,"Mieszkanie, 70 m², Gdańsk",,rent,4500,70,THREE,,,,,,pomorskie,,,
68010300,otodom,https://www.otodom.pl/pl/oferta/mieszkanie-2-pokojowe-39-m2-z-balkonem-gdansk-ul-sosnowskiego-7-ID4BmAk,"Mieszkanie 2 pokojowe 39 m2 z balkonem Gdańsk, ul. Sosnowskiego 7",,rent,2700,39,TWO,,,,,,pomorskie,,,
62125820,otodom,https://www.otodom.pl/pl/oferta/solvo-krynicka-apartament-olivia-business-cent-ID4cFLm,"Solvo, Krynicka, apartament, Olivia Business Cent",,rent,3300,40,TWO,,,,,,pomorskie,,,
68010105,otodom,https://www.otodom.pl/pl/oferta/luksusowy-apartament-czarny-dwor-ID4Bmxb,Luksusowy apartament Czarny Dwór,,rent,5000,83,THREE,,,,,,pomorskie,,,
66102522,otodom,https://www.otodom.pl/pl/oferta/przytulne-mieszkanie-w-swietnej-lokalizacji-ID4tmhI,przytulne mieszkanie w świetnej lokalizacji,,rent,4200,72,THREE,,,,,,pomorskie,,,
67943990,otodom,https://www.otodom.pl/pl/oferta/gdansk-starowka-3-pokojowe-biuro-umeblowane-od-zaraz-ID4B5kO,GDAŃSK STARÓWKA; 3-POKOJOWE BIURO umeblowane; OD ZARAZ,,rent,3500,48,THREE,,,,,,pomorskie,,,
68009736,otodom,https://www.otodom.pl/pl/oferta/jasne-mieszkanie-z-balkonem-ujescisko-ID4Bmre,Jasne mieszkanie z balkonem| Ujeścisko,,rent,2500,38.1,ONE,,,,,,pomorskie,,,
68009674,otodom,https://www.otodom.pl/pl/oferta/piekne-3-pokoje-gdansk-przymorze-5-min-do-skm-ID4Bmqe,Piękne 3 pokoje Gdańsk Przymorze. 5 min do Skm,,rent,3800,65,THREE,,,,,,pomorskie,,,
68009435,otodom,https://www.otodom.pl/pl/oferta/3-pokoje-w-spokojnej-okolicy-ID4Bmmn,3 pokoje w spokojnej okolicy,,rent,2950,56,THREE,,,,,,pomorskie,,,
96797507200067,otodom,https://www.otodom.pl/pl/oferta/apartament-w-sercu-wrzeszcza-przepiekny-widok-ID4Bdq8,"Apartament w sercu Wrzeszcza, przepiękny widok!",,rent,4500,68,THREE,,,,,,pomorskie,,,
68009321,otodom,https://www.otodom.pl/pl/oferta/3-pokoje-na-wynajem-albatros-towers-16-pietro-ID4Bmkx,3 pokoje na wynajem Albatros Towers 16. piętro,,rent,3800,68,THREE,,,,,,pomorskie,,,
67117788,otodom,https://www.otodom.pl/pl/oferta/kawalerka-wynajem-caloroczny-silownia-sauna-i-co-working-ID4xCoY,"Kawalerka - wynajem całoroczny + siłownia, sauna i co-working",,rent,2000,20,ONE,,,,,,pomorskie,,,
67117869,otodom,https://www.otodom.pl/pl/oferta/kawalerka-wynajem-caloroczny-silownia-sauna-i-co-working-ID4xCqh,"Kawalerka - wynajem całoroczny + siłownia, sauna i co-working",,rent,2000,20,ONE,,,,,,pomorskie,,,
67857871,otodom,https://www.otodom.pl/pl/oferta/apartament-z-widokiem-na-motlawe-ID4AIWN,Apartament z widokiem na Motławę,,rent,3300,45,TWO,,,,,,pomorskie,,,
68009028,otodom,https://www.otodom.pl/pl/oferta/3-pokoje-gdansk-ujescisko-ID4BmfO,3 pokoje - Gdańsk Ujeścisko,,rent,3100,59.7,THREE,,,,,,pomorskie,,,
68008967,otodom,https://www.otodom.pl/pl/oferta/kawalerka-30m2-gdansk-przymorze-falowiec-kolobrzeska-5-pietro-ID4BmeP,"Kawalerka 30m2 Gdańsk Przymorze Falowiec Kołobrzeska, 5 piętro",,rent,1950,30,ONE,,,,,,pomorskie,,,
67850943,otodom,https://www.otodom.pl/pl/oferta/stylowy-2-pokojowy-apartament-w-sercu-gdanska-ID4AH83,Stylowy 2-pokojowy apartament w sercu Gdańska,,rent,3800,46,TWO,,,,,,pomorskie,,,
67762022,otodom,https://www.otodom.pl/pl/oferta/wyjatkowe-mieszkanie-gdansk-letnica-ID4AjZQ,Wyjątkowe mieszkanie Gdańsk Letnica,,rent,9999,97,FOUR,,,,,,pomorskie,,,
67709894,otodom,https://www.otodom.pl/pl/oferta/16th-floor-unique-view-high-standard-ID4A6r4,"16th floor - unique view, high standard",,rent,7800,131,FOUR,,,,,,pomorskie,,,
68008695,otodom,https://www.otodom.pl/pl/oferta/piekna-kawalerka-w-dobrej-cenie-ID4Bmar,Piękna kawalerka w dobrej cenie,,rent,1900,26.8,ONE,,,,,,pomorskie,,,
68008649,otodom,https://www.otodom.pl/pl/oferta/3-pokojowy-apartament-80-m-po-remoncie-gdansk-ID4Bm9H,3-pokojowy apartament 80 m² | po remoncie | Gdańsk,,rent,3800,80,THREE,,,,,,pomorskie,,,
60994419,otodom,https://www.otodom.pl/pl/oferta/mieszkanie-2-pokoje-chelm-51m-2-balkony-garaz-ID47WqX,Mieszkanie 2 pokoje Chełm 51m 2 balkony garaż,,rent,2900,51,TWO,,,,,,pomorskie,,,
68008518,otodom,https://www.otodom.pl/pl/oferta/mieszkanie-3-pokojowe-z-balkonem-i-garazem-ID4Bm7A,Mieszkanie 3-pokojowe z balkonem i garażem,,rent,4500,65,THREE,,,,,,pomorskie,,,
67746492,otodom,https://www.otodom.pl/pl/oferta/mieszkanie-blisko-plazy-i-parku-dlugoterminowe-ID4AfXm,Mieszkanie blisko plaży i parku - długoterminowe,,rent,3500,45.41,TWO,,,,,,pomorskie,,,
67843794,otodom,https://www.otodom.pl/pl/oferta/dwa-pokoje-loggia-winda-umeblowane-tramwaj-ID4AFgK,"Dwa pokoje, loggia, winda, umeblowane,tramwaj",,rent,2450,36,TWO,,,,,,pomorskie,,,
67976528,otodom,https://www.otodom.pl/pl/oferta/aniolki-2-pokoje-osobna-kuchnia-lokalizacja-ID4BdNC,Aniołki 2 pokoje osobna kuchnia lokalizacja,,rent,3400,55,TWO,,,,,,pomorskie,,,
68007885,otodom,https://www.otodom.pl/pl/oferta/apartament-blisko-morza-ID4BlXn,Apartament blisko morza!,,rent,2850,33,ONE,,,,,,pomorskie,,,
68007874,otodom,https://www.otodom.pl/pl/oferta/apartament-przymorze-ID4BlXc,Apartament Przymorze,,rent,2800,34.67,ONE,,,,,,pomorskie,,,
67862395,otodom,https://www.otodom.pl/pl/oferta/morena-dwupokojowe-mieszkanie-od-zaraz-ID4AK6L,Morena - dwupokojowe mieszkanie od zaraz,,rent,2400,41,TWO,,,,,,pomorskie,,,
67957120,otodom,https://www.otodom.pl/pl/oferta/dwupokojowe-mieszkanie-ul-wielkopolska-czerwiec-ID4B8KA,Dwupokojowe mieszkanie ul. Wielkopolska - czerwiec,,rent,2600,43,TWO,,,,,,pomorskie,,,
68007644,otodom,https://www.otodom.pl/pl/oferta/dwa-niezalezne-pokoje-blisko-obc-od-czerwca-ID4BlTu,Dwa niezależne pokoje blisko Obc - od czerwca,,rent,3000,48,TWO,,,,,,pomorskie,,,
67678550,otodom,https://www.otodom.pl/pl/oferta/nowoczesne-2pok-mieszkanie-gdansk-suchanino-od-sierpnia-2026r-ID4zYhv,Nowoczesne 2‑pok. mieszkanie | Gdańsk Suchanino | Od Sierpnia 2026r. |,,rent,2400,56,TWO,,,,,,pomorskie,,,
68006963,otodom,https://www.otodom.pl/pl/oferta/ogrodek-pelne-wykonczenie-i-wyposazenie-ID4BlIw,"Ogródek, pełne wykończenie i wyposażenie !!!",,rent,3300,65,THREE,,,,,,pomorskie,,,
68006688,otodom,https://www.otodom.pl/pl/oferta/3-pok-garderoba-ul-focha-od-zaraz-ID4BlE4,"3-pok, garderoba, ul. Focha, od zaraz!",,rent,3400,70.9,THREE,,,,,,pomorskie,,,
68006573,otodom,https://www.otodom.pl/pl/oferta/2-pokoje-z-balkonem-i-mp-szczecinska-37-ID4BlCd,2 pokoje z balkonem i mp- Szczecińska 37,,rent,2900,34,TWO,,,,,,pomorskie,,,
66267434,otodom,https://www.otodom.pl/pl/oferta/loftowy-apartament-na-14-pietrze-super-widok-ID4u3bA,"Loftowy Apartament na 14 piętrze, super widok",,rent,2900,30,TWO,,,,,,pomorskie,,,
68006311,otodom,https://www.otodom.pl/pl/oferta/jasne-funkcjonalne-mieszkanie-2-pokoje-ID4BlxZ,"Jasne funkcjonalne mieszkanie, 2 pokoje",,rent,2800,38,TWO,,,,,,pomorskie,,,
68006376,otodom,https://www.otodom.pl/pl/oferta/3-pokoje-gd-jasien-obok-tramwaju-duzy-balkon-ID4Blz2,"3 pokoje, Gd. Jasień, obok tramwaju,  duży balkon",,rent,3300,53,THREE,,,,,,pomorskie,,,
68006335,otodom,https://www.otodom.pl/pl/oferta/apartament-premium-na-szafarni-5-w-gdansku-2-pokoje-ID4Blyn,Apartament premium na Szafarni 5 w Gdańsku | 2 pokoje,,rent,2990,60,TWO,,,,,,pomorskie,,,
68006147,otodom,https://www.otodom.pl/pl/oferta/mieszkanie-na-wynajem-orunia-gorna-swietna-lokalizacja-ID4Blwl,Mieszkanie na wynajem Orunia Górna - świetna lokalizacja!,,rent,2400,48,TWO,,,,,,pomorskie,,,
68005969,otodom,https://www.otodom.pl/pl/oferta/ciche-mieszkanie-w-centrum-z-miejscem-parkingowym-w-hali-ID4Blst,Ciche mieszkanie w centrum z miejscem parkingowym w hali,,rent,3200,65,TWO,,,,,,pomorskie,,,
68005929,otodom,https://www.otodom.pl/pl/oferta/nadmorski-dwor-od-zaraz-strefa-fitness-ID4BlrP,Nadmorski Dwór | Od zaraz | Strefa fitness,,rent,3500,45.41,TWO,,,,,,pomorskie,,,
68005711,otodom,https://www.otodom.pl/pl/oferta/studio-do-wynajecia-33-m2-ul-popieluszki-inwestycja-zurawie-ID4Bloj,"Studio do wynajęcia 33 m2 – ul. Popiełuszki, inwestycja Żurawie",,rent,2300,33,ONE,,,,,,pomorskie,,,
68005679,otodom,https://www.otodom.pl/pl/oferta/po-remoncie-2-pok-2-pietro-przymorze-ID4BlnN,Po remoncie | 2 pok. | 2 piętro | Przymorze,,rent,2600,46,TWO,,,,,,pomorskie,,,
68005632,otodom,https://www.otodom.pl/pl/oferta/studio-do-wynajecia-33-m2-ul-popieluszki-inwestycja-zurawie-ID4Bln2,"Studio do wynajęcia 33 m2 – ul. Popiełuszki, inwestycja Żurawie",,rent,2100,33,ONE,,,,,,pomorskie,,,
68005292,otodom,https://www.otodom.pl/pl/oferta/mieszkanie-2-pokojowe-z-balkonem-w-gdansku-ID4Blhy,Mieszkanie 2-pokojowe z balkonem w Gdańsku,,rent,3500,37,TWO,,,,,,pomorskie,,,
96800932100067,otodom,https://www.otodom.pl/pl/oferta/3-pokoje-na-wynajem-albatros-towers-16-pietro-ID4Bmkx,3 pokoje na wynajem Albatros Towers 16. piętro,,rent,3800,68,THREE,,,,,,pomorskie,,,
68004343,otodom,https://www.otodom.pl/pl/oferta/przestronne-i-nowoczesnie-urzadzone-mieszkanie-75m2-gdansk-morena-ID4Bl2f,Przestronne i nowocześnie urządzone mieszkanie 75m2 - Gdańsk Morena,,rent,4500,75,THREE,,,,,,pomorskie,,,
67941720,otodom,https://www.otodom.pl/pl/oferta/apartament-tuz-przy-parku-reagana-baltea-ID4B4Kc,Apartament tuż przy Parku Reagana | Baltea,,rent,4800,60,THREE,,,,,,pomorskie,,,
67238712,otodom,https://www.otodom.pl/pl/oferta/mieszkanie-w-sercu-gdanska-ID4y7Rm,Mieszkanie w sercu Gdańska,,rent,3900,52,TWO,,,,,,pomorskie,,,
68003572,otodom,https://www.otodom.pl/pl/oferta/klimatyczne-mieszkanie-do-wynajecia-w-centrum-gdanska-ID4BkPO,Klimatyczne mieszkanie do wynajęcia w centrum Gdańska,,rent,2700,56,ONE,,,,,,pomorskie,,,
68003503,otodom,https://www.otodom.pl/pl/oferta/dwupokojowy-apartament-z-miejscem-postojowym-ID4BkOH,Dwupokojowy apartament z miejscem postojowym,,rent,2900,41,TWO,,,,,,pomorskie,,,
68003494,otodom,https://www.otodom.pl/pl/oferta/ph704022-ID4BkOy,ph704022,,rent,3600,47.6,TWO,,,,,,pomorskie,,,
67941120,otodom,https://www.otodom.pl/pl/oferta/gdansk-srodmiescie-2-osobne-apartamenty-38-m2-2-p-i-21-m2-1-p-ID4B4Av,"Gdańsk Sródmieście, 2 osobne apartamenty 38 m2 (2 p.) i 21 m2 (1 p.)",,rent,2600,38,TWO,,,,,,pomorskie,,,
68003298,otodom,https://www.otodom.pl/pl/oferta/kawalerka-przy-galerii-baltyckiej-ul-lendziona-ID4BkLo,"Kawalerka przy Galerii Bałtyckiej, ul. Lendziona",,rent,2300,18.5,ONE,,,,,,pomorskie,,,
67986959,otodom,https://www.otodom.pl/pl/oferta/sloneczna-kawalerka-31m-gdansk-zabianka-ID4BgwR,Słoneczna kawalerka 31m - Gdańsk Żabianka,,rent,2200,31,ONE,,,,,,pomorskie,,,
67948973,otodom,https://www.otodom.pl/pl/oferta/od-zaraz-os-pastelowe-miejsce-i-komorka-ID4B6Db,Od zaraz | Os. Pastelowe | miejsce  i komórka,,rent,2600,35,TWO,,,,,,pomorskie,,,
67680735,otodom,https://www.otodom.pl/pl/oferta/najem-2-pok-apartament-srodmiescie-motlawa-ID4zYQL,Najem|2 Pok. Apartament|śródmieście|motława,,rent,3200,45,TWO,,,,,,pomorskie,,,
67886599,otodom,https://www.otodom.pl/pl/oferta/granaria-dlugoterminowo-od-zaraz-ID4AQp9,Granaria | Długoterminowo | Od zaraz,,rent,4500,38.76,ONE,,,,,,pomorskie,,,
67886600,otodom,https://www.otodom.pl/pl/oferta/granaria-dlugoterminowo-od-zaraz-ID4AQpa,Granaria | Długoterminowo | Od zaraz,,rent,4300,33,ONE,,,,,,pomorskie,,,
68002597,otodom,https://www.otodom.pl/pl/oferta/cicha-kawalerka-idealna-pod-home-office-ID4BkA5,"Cicha kawalerka, idealna pod Home Office",,rent,2250,27,ONE,,,,,,pomorskie,,,
67710603,otodom,https://www.otodom.pl/pl/oferta/apartament-5-pok-gdansk-srodmiescie-doki-ID4A6Cw,APARTAMENT 5 POK./ GDAŃSK ŚRÓDMIEŚCIE/ DOKI,,rent,8500,105,FIVE,,,,,,pomorskie,,,
68002013,otodom,https://www.otodom.pl/pl/oferta/ladne-3-pok-mieszkanie-na-strzyzy-ID4BkqF,Ładne 3-pok mieszkanie na Strzyży,,rent,3600,56,THREE,,,,,,pomorskie,,,
68001951,otodom,https://www.otodom.pl/pl/oferta/od-zaraz-5-minut-do-pkp-skm-oliwa-3-pokoje-ID4BkpF,Od zaraz | 5 minut do Pkp/skm Oliwa | 3 pokoje,,rent,4600,64.71,THREE,,,,,,pomorskie,,,
67899698,otodom,https://www.otodom.pl/pl/oferta/3-pokojowe-mieszkanie-przy-swietokrzyskiej-ID4ATOq,3-pokojowe mieszkanie przy Świętokrzyskiej,,rent,2900,56,THREE,,,,,,pomorskie,,,
68001902,otodom,https://www.otodom.pl/pl/oferta/smart-home-pierwszy-najem-swietna-komunikacja-ID4BkoS,Smart Home | Pierwszy najem | Świetna komunikacja,,rent,3600,58.9,THREE,,,,,,pomorskie,,,
68001768,otodom,https://www.otodom.pl/pl/oferta/2-pokoje-z-miejscem-parkingowym-ID4BkmI,2 pokoje z miejscem parkingowym !!,,rent,2500,46.5,TWO,,,,,,pomorskie,,,
67708387,otodom,https://www.otodom.pl/pl/oferta/wynajem-mieszkania-z-dostepna-silownia-ID4A62L,Wynajem mieszkania z dostępną siłownią,,rent,2850,40,TWO,,,,,,pomorskie,,,
67979223,otodom,https://www.otodom.pl/pl/oferta/kawalerka-rybaki-gorne-m-postojowe-ID4Bew5,kawalerka Rybaki Górne m.postojowe,,rent,2600,33.5,ONE,,,,,,pomorskie,,,
65217634,otodom,https://www.otodom.pl/pl/oferta/mieszkanie-3-pokojowe-w-oliwie-ID4pE5k,Mieszkanie 3-pokojowe w Oliwie,,rent,3300,47,THREE,,,,,,pomorskie,,,
68000814,otodom,https://www.otodom.pl/pl/oferta/mieszkanie-do-wynajecia-gdansk-poludnie-ul-niepolomicka-ID4Bk7k,"MIESZKANIE DO WYNAJĘCIA - GDAŃSK POŁUDNIE, UL. NIEPOŁOMICKA",,rent,3000,40,TWO,,,,,,pomorskie,,,
67803833,otodom,https://www.otodom.pl/pl/oferta/przytulne-mieszkanie-2-pokojowe-na-o-magellana-ID4AuSd,Przytulne mieszkanie 2-pokojowe na O. Magellana,,rent,2700,41.74,TWO,,,,,,pomorskie,,,
68000284,otodom,https://www.otodom.pl/pl/oferta/komfortowe-studio-browar-gdanski-40m2-3400-pln-niskie-oplaty-ID4BjYM,Komfortowe studio | Browar Gdański | 40m2| 3400 PLN + niskie opłaty,,rent,3400,40,ONE,,,,,,pomorskie,,,
67974590,otodom,https://www.otodom.pl/pl/oferta/3-pokoje-niezalezna-kuchnia-najem-minimum-rok-ID4Bdim,"3 Pokoje, Niezależna kuchnia, Najem minimum rok",,rent,3500,74,FOUR,,,,,,pomorskie,,,
66896063,otodom,https://www.otodom.pl/pl/oferta/komfortowe-3-pokojowe-mieszkanie-z-widokiem-na-morze-ID4vGIL,Komfortowe 3-pokojowe mieszkanie z widokiem na morze,,rent,4500,65,THREE,,,,,,pomorskie,,,
67814829,otodom,https://www.otodom.pl/pl/oferta/studio-na-wynajem-gdansk-nowa-letnica-20-maja-do-konca-czerwca-ID4AxJz,Studio na wynajem Gdańsk – Nowa Letnica 20 Maja do końca Czerwca |,,rent,2300,30,ONE,,,,,,pomorskie,,,
67746367,otodom,https://www.otodom.pl/pl/oferta/apartament-studio-z-wydzielona-sypialnia-na-wynajem-wysoki-standard-ID4AfWl,Apartament Studio z Wydzieloną Sypialnią na Wynajem | Wysoki Standard,,rent,1900,39,ONE,,,,,,pomorskie,,,
67621170,otodom,https://www.otodom.pl/pl/oferta/komfortowa-kawalerka-z-ogrodkiem-dostepne-od-1-lipca-ID4zJm2,Komfortowa kawalerka z ogródkiem | Dostępne od 1 lipca |,,rent,1900,32,ONE,,,,,,pomorskie,,,
67667715,otodom,https://www.otodom.pl/pl/oferta/mieszkanie-z-pieknym-tarasem-w-centrum-gdanska-ID4zWsL,Mieszkanie z pięknym tarasem w centrum Gdańska,,rent,4000,71,THREE,,,,,,pomorskie,,,
67999135,otodom,https://www.otodom.pl/pl/oferta/mieszkanie-gdansk-jasien-ID4BjGf,Mieszkanie - Gdańsk Jasień,,rent,2390,47.4,TWO,,,,,,pomorskie,,,
67999028,otodom,https://www.otodom.pl/pl/oferta/opolska-38m2-2-pokoje-balkon-ID4BjEv,Opolska | 38m2 | 2 pokoje | Balkon,,rent,2500,38,TWO,,,,,,pomorskie,,,
67998848,otodom,https://www.otodom.pl/pl/oferta/mieszkanie-36-m2-do-wynajecia-piecki-migowo-ID4BjBC,Mieszkanie 36 m2 do wynajęcia - Piecki Migowo,,rent,2400,36,ONE,,,,,,pomorskie,,,
67998814,otodom,https://www.otodom.pl/pl/oferta/trzypokojowe-mieszkanie-z-ogrodkiem-ID4BjB4,Trzypokojowe mieszkanie z ogródkiem,,rent,3000,51.6,THREE,,,,,,pomorskie,,,
96800434300067,otodom,https://www.otodom.pl/pl/oferta/przestronne-i-nowoczesnie-urzadzone-mieszkanie-75m2-gdansk-morena-ID4Bl2f,Przestronne i nowocześnie urządzone mieszkanie 75m2 - Gdańsk Morena,,rent,4500,75,THREE,,,,,,pomorskie,,,
67998738,otodom,https://www.otodom.pl/pl/oferta/mieszkanie-do-wynajecia-ID4BjzQ,Mieszkanie do wynajęcia,,rent,2600,49.9,TWO,,,,,,pomorskie,,,
67998563,otodom,https://www.otodom.pl/pl/oferta/apartament-w-sercu-oliwy-i-wysoki-standard-i-obc-ID4Bjx1,Apartament w sercu Oliwy I wysoki standard I Obc,,rent,4300,52,TWO,,,,,,pomorskie,,,
67998188,otodom,https://www.otodom.pl/pl/oferta/3-pokoje-gdansk-jelitkowo-3-minuty-do-plazy-ID4BjqY,3 pokoje | Gdańsk Jelitkowo | 3 minuty do plaży,,rent,4600,65,THREE,,,,,,pomorskie,,,
67998045,otodom,https://www.otodom.pl/pl/oferta/gwarantujemy-dlugoterminowy-i-stabilny-najem-ID4BjoF,Gwarantujemy długoterminowy i stabilny najem.,,rent,3500,73.2,THREE,,,,,,pomorskie,,,
67868943,otodom,https://www.otodom.pl/pl/oferta/trzypokojowy-apartament-w-centrum-gdanska-ID4ALOn,Trzypokojowy apartament w centrum Gdańska,,rent,4000,50,THREE,,,,,,pomorskie,,,
67997647,otodom,https://www.otodom.pl/pl/oferta/apartament-taras-40m-widok-na-motlawe-od-1-08-ID4Bjif,Apartament+ taras 40m widok na Motławę! od 1.08,,rent,10000,150,FOUR,,,,,,pomorskie,,,
67997559,otodom,https://www.otodom.pl/pl/oferta/2-pokoje-na-wynajem-gdansk-przymorze-kwartal-uniwe-ID4BjgP,2 pokoje na wynajem Gdańsk Przymorze Kwartał Uniwe,,rent,3100,45,TWO,,,,,,pomorskie,,,
67943959,otodom,https://www.otodom.pl/pl/oferta/2-pokoje-oddzielna-kuchnia-swietna-lokalizacja-ID4B5kj,"2 pokoje, oddzielna kuchnia, świetna lokalizacja!",,rent,2950,48.2,TWO,,,,,,pomorskie,,,
67996984,otodom,https://www.otodom.pl/pl/oferta/2-pokoje-z-2022-roku-balkon-hala-garazowa-pet-friendly-ID4Bj7y,2 pokoje z 2022 roku | balkon | hala garażowa | Pet friendly :),,rent,2300,40,TWO,,,,,,pomorskie,,,
67985320,otodom,https://www.otodom.pl/pl/oferta/3-pokojowe-mieszkanie-z-balkonem-przy-walowej-ID4Bg5q,3-pokojowe mieszkanie z balkonem przy Wałowej,,rent,3500,87.2,THREE,,,,,,pomorskie,,,
67884836,otodom,https://www.otodom.pl/pl/oferta/wynajem-mieszkania-gdansk-orunia-ID4APVI,WYNAJEM MIESZKANIA (GDAŃSK ORUNIA),,rent,2200,24,ONE,,,,,,pomorskie,,,
67996476,otodom,https://www.otodom.pl/pl/oferta/urokliwe-mieszkanie-w-samym-sercu-gdanska-2-pokoje-ID4BiZm,Urokliwe mieszkanie w samym sercu Gdańska-2 pokoje,,rent,3400,48,TWO,,,,,,pomorskie,,,
67947660,otodom,https://www.otodom.pl/pl/oferta/kawalerka-na-garnizonie-z-ogrodkiem-i-hala-garazow-ID4B6i0,kawalerka na Garnizonie z ogródkiem i halą garażow,,rent,2800,27.5,ONE,,,,,,pomorskie,,,
67904405,otodom,https://www.otodom.pl/pl/oferta/komfortowe-2-pokoje-nad-morzem-gdansk-brzezno-ID4AW2l,Komfortowe 2 pokoje nad morzem | Gdańsk Brzeźno,,rent,3400,47,TWO,,,,,,pomorskie,,,
67996332,otodom,https://www.otodom.pl/pl/oferta/eleganckie-studio-w-centrum-gdanska-parking-ID4BiX2,Eleganckie studio w centrum Gdańska + parking,,rent,2800,34,ONE,,,,,,pomorskie,,,
67996210,otodom,https://www.otodom.pl/pl/oferta/3-pokoje-z-hala-garazowa-i-duza-loggia-ID4BiW4,3 pokoje z halą garażową i dużą loggią,,rent,3000,73.5,THREE,,,,,,pomorskie,,,
64479634,otodom,https://www.otodom.pl/pl/oferta/zabi-kruk-studio-apartament-kawalerka-nowoczesna-urzadzona-ID4my66,Żabi Kruk Studio Apartament Kawalerka Nowoczesna Urządzona,,rent,1900,25,ONE,,,,,,pomorskie,,,
67995399,otodom,https://www.otodom.pl/pl/oferta/nowe-funkcjonalne-mieszkanie-do-wynajecia-ID4BiHZ,Nowe funkcjonalne mieszkanie do wynajęcia,,rent,3300,56,THREE,,,,,,pomorskie,,,
67995365,otodom,https://www.otodom.pl/pl/oferta/nowoczesna-kawalerka-miejsce-parkingowe-ID4BiHr,"nowoczesna kawalerka, miejsce parkingowe",,rent,2350,25.57,ONE,,,,,,pomorskie,,,
67995366,otodom,https://www.otodom.pl/pl/oferta/nowoczesna-kawalerka-miejsce-parkingowe-ID4BiHs,"nowoczesna kawalerka, miejsce parkingowe",,rent,2600,31.69,ONE,,,,,,pomorskie,,,
67994834,otodom,https://www.otodom.pl/pl/oferta/dwa-pokoje-w-garnizonie-nowe-ID4BiyS,"Dwa pokoje w Garnizonie, nowe!",,rent,3900,41,TWO,,,,,,pomorskie,,,
67994781,otodom,https://www.otodom.pl/pl/oferta/nowoczesne-2-pokojowe-mieszkanie-z-miejscem-postojowym-i-silownia-ID4Biy1,Nowoczesne 2-pokojowe mieszkanie z miejscem postojowym i siłownią,,rent,2600,40,TWO,,,,,,pomorskie,,,
66784767,otodom,https://www.otodom.pl/pl/oferta/mieszkanie-kawalerka-gdansk-ujescisko-przemyska-z-balkonem-ID4vdLF,Mieszkanie kawalerka Gdańsk Ujeścisko Przemyska z balkonem,,rent,2600,20,ONE,,,,,,pomorskie,,,
67994234,otodom,https://www.otodom.pl/pl/oferta/komfortowe-2-pokoje-ptasia-ID4Bipc,Komfortowe 2 pokoje | Ptasia,,rent,2400,32.37,TWO,,,,,,pomorskie,,,
65090788,otodom,https://www.otodom.pl/pl/oferta/sloneczna-kawalerka-z-miejscem-parkingowym-gdansk-morena-piecki-ID4p75q,"Słoneczna kawalerka z miejscem parkingowym, Gdańsk Morena, Piecki",,rent,2500,28,ONE,,,,,,pomorskie,,,
67430686,otodom,https://www.otodom.pl/pl/oferta/nowoczesny-apartament-z-duzym-tarasem-faktura-vat-23-bezposrednio-ID4yWNI,Nowoczesny apartament z dużym tarasem faktura VAT 23% BEZPOŚREDNIO,,rent,9999,96.99,FOUR,,,,,,pomorskie,,,
67682307,otodom,https://www.otodom.pl/pl/oferta/nowe-3-pokojowe-mieszkanie-z-balkonem-ID4zZg7,Nowe 3-pokojowe mieszkanie z balkonem,,rent,5000,60,THREE,,,,,,pomorskie,,,
67991951,otodom,https://www.otodom.pl/pl/oferta/przytulna-kawalerka-w-centrum-oliwy-ID4BhOn,Przytulna kawalerka w centrum Oliwy,,rent,1900,25,ONE,,,,,,pomorskie,,,
66536398,otodom,https://www.otodom.pl/pl/oferta/mieszkanie-kolo-alfa-centrum-ID4wb9I,Mieszkanie koło Alfa Centrum,,rent,3300,43,TWO,,,,,,pomorskie,,,
67991500,otodom,https://www.otodom.pl/pl/oferta/apartament-z-dwoma-miejscami-postojowymi-w-hali-ID4BhH6,Apartament z dwoma miejscami postojowymi w hali,,rent,4900,70,THREE,,,,,,pomorskie,,,
67991089,otodom,https://www.otodom.pl/pl/oferta/wysoki-standard-w-pelni-umeblowane-nowa-letnica-ID4BhAt,Wysoki standard. W pełni umeblowane. Nowa Letnica!,,rent,2700,32,ONE,,,,,,pomorskie,,,
67991086,otodom,https://www.otodom.pl/pl/oferta/4-pokojowy-apartament-nad-rzeka-riverfront-ID4BhAq,4 pokojowy apartament nad rzeką- Riverfront,,rent,5600,78,FOUR,,,,,,pomorskie,,,
67990919,otodom,https://www.otodom.pl/pl/oferta/mieszkanie-3-pokojowe-w-sercu-mlodego-miasta-ID4BhxJ,Mieszkanie 3 pokojowe w sercu Młodego Miasta,,rent,4500,82,THREE,,,,,,pomorskie,,,
60204520,otodom,https://www.otodom.pl/pl/oferta/w-centrum-wrzeszcza-w-podworku-hotelu-szydlowski-ID44BVE,W centrum Wrzeszcza w podwórku Hotelu Szydłowski,,rent,2950,50,TWO,,,,,,pomorskie,,,
61450987,otodom,https://www.otodom.pl/pl/oferta/mieszkanie-25m2-gdansk-jasien-2020r-ID49QcX,Mieszkanie 25m2 Gdańsk Jasień 2020r.,,rent,2200,25,ONE,,,,,,pomorskie,,,
67886411,otodom,https://www.otodom.pl/pl/oferta/mieszkanie-w-skandynawskim-stylu-ID4AQm7,Mieszkanie w skandynawskim stylu,,rent,4000,55.15,THREE,,,,,,pomorskie,,,
96799873800067,otodom,https://www.otodom.pl/pl/oferta/mieszkanie-do-wynajecia-ID4BjzQ,Mieszkanie do wynajęcia,,rent,2600,49.9,TWO,,,,,,pomorskie,,,
67990192,otodom,https://www.otodom.pl/pl/oferta/3pok-stare-miasto-lux-srednio-lub-dlugoterminowo-ID4Bhm0,3pok Stare Miasto Lux średnio- lub długoterminowo,,rent,4500,62.5,THREE,,,,,,pomorskie,,,
64022540,otodom,https://www.otodom.pl/pl/oferta/wynajme-mieszkanie-2-pokojowe-ID4kDbC,Wynajmę mieszkanie 2 pokojowe,,rent,2800,41,TWO,,,,,,pomorskie,,,
50651976,otodom,https://www.otodom.pl/pl/oferta/komfortowe-2-pokojowe-umeblowane-mieszkanie-ID3qvTm,Komfortowe 2 Pokojowe Umeblowane Mieszkanie,,rent,2500,51,TWO,,,,,,pomorskie,,,
67989833,otodom,https://www.otodom.pl/pl/oferta/apartament-2-pokojowy-ID4Bhgd,Apartament 2 pokojowy,,rent,3500,42,TWO,,,,,,pomorskie,,,
67587809,otodom,https://www.otodom.pl/pl/oferta/apartament-na-wyspie-spichrzow-ID4zAFX,Apartament na Wyspie Spichrzów,,rent,10000,71,THREE,,,,,,pomorskie,,,
67923655,otodom,https://www.otodom.pl/pl/oferta/na-granicy-wrzeszcza-i-lasu-bretowska-brama-ID4B02P,Na granicy Wrzeszcza i lasu - Brętowska Brama,,rent,3600,64,THREE,,,,,,pomorskie,,,
67849344,otodom,https://www.otodom.pl/pl/oferta/atrium-oliwa-prestizowe-zielone-osiedle-wysoki-standard-ID4AGIg,"Atrium Oliwa ] Prestiżowe, zielone osiedle ] Wysoki standard ]",,rent,4500,45,TWO,,,,,,pomorskie,,,
67454373,otodom,https://www.otodom.pl/pl/oferta/garnizon-od-kwietnia-wysoki-standard-z-ogrodkiem-nowoczesne-ID4z1XL,"Garnizon, Od kwietnia, Wysoki Standard, Z Ogródkiem, Nowoczesne",,rent,3700,47,TWO,,,,,,pomorskie,,,
67988436,otodom,https://www.otodom.pl/pl/oferta/2-pokojowy-apartament-na-wynajem-w-gdansku-kompleks-zurawie-ID4BgTG,2-pokojowy apartament na wynajem w Gdańsku – kompleks Żurawie,,rent,2800,41.4,TWO,,,,,,pomorskie,,,
67988357,otodom,https://www.otodom.pl/pl/oferta/4-niezalezne-pokoje-do-wynajecia-aniolki-71-m-blisko-gumed-ID4BgSp,"4 niezależne pokoje do wynajęcia – Aniołki | 71 m², blisko GUMed",,rent,4700,71,FOUR,,,,,,pomorskie,,,
67949533,otodom,https://www.otodom.pl/pl/oferta/zajezdnia-wrzeszcz-3-pokoje-silownia-garaz-ID4B6Md,Zajezdnia Wrzeszcz / 3-pokoje / Siłownia / Garaż,,rent,4950,75,THREE,,,,,,pomorskie,,,
67891755,otodom,https://www.otodom.pl/pl/oferta/2-pokoje-balkon-parking-spokojne-osiedle-ID4ARKj,2 pokoje | balkon | parking | spokojne osiedle,,rent,2800,45,TWO,,,,,,pomorskie,,,
67988067,otodom,https://www.otodom.pl/pl/oferta/apartament-premium-gdansk-scala-ul-lakowa-ID4BgNJ,Apartament premium/Gdańsk Scala ul. Łąkowa,,rent,8000,66.4,THREE,,,,,,pomorskie,,,
67987979,otodom,https://www.otodom.pl/pl/oferta/apartament-w-srodmiesciu-przy-motlawie-ID4BgMj,Apartament w Śródmieściu  przy Motławie,,rent,4200,50,TWO,,,,,,pomorskie,,,
67987349,otodom,https://www.otodom.pl/pl/oferta/biurowce-oliwa-biznes-alchemia-amazon-orlen-przymorze-wakacje-caly-rok-ID4BgC9,Biurowce Oliwa Biznes Alchemia Amazon Orlen.Przymorze Wakacje cały rok,,rent,2900,50,TWO,,,,,,pomorskie,,,
67987250,otodom,https://www.otodom.pl/pl/oferta/mieszkanie-od-lipca-dobrze-skomunikowane-ID4BgAy,Mieszkanie od lipca-  dobrze skomunikowane,,rent,2700,48,TWO,,,,,,pomorskie,,,
67987181,otodom,https://www.otodom.pl/pl/oferta/mieszkanie-67-m-gdansk-ID4Bgzr,"Mieszkanie, 67 m², Gdańsk",,rent,3500,67,THREE,,,,,,pomorskie,,,
67986997,otodom,https://www.otodom.pl/pl/oferta/przytulne-mieszkanie-2-pok-z-balkonem-i-miejscem-parkingowym-ID4Bgvt,Przytulne mieszkanie 2 pok. z balkonem i miejscem parkingowym,,rent,2650,39,TWO,,,,,,pomorskie,,,
67251977,otodom,https://www.otodom.pl/pl/oferta/mieszkanie-2-pokojowe-wiszace-ogrody-ID4ybjj,"Mieszkanie 2 pokojowe, Wiszące Ogrody",,rent,2400,40,TWO,,,,,,pomorskie,,,
67819184,otodom,https://www.otodom.pl/pl/oferta/kowale-przytulne-2-pokoje-osobna-kuchnia-szkola-1-minuta-drogi-ID4AyRO,"Kowale: Przytulne 2 pokoje + osobna kuchnia, Szkoła 1 minuta drogi",,rent,2600,48,TWO,,,,,,pomorskie,,,
67985645,otodom,https://www.otodom.pl/pl/oferta/3-pokojowe-mieszkanie-po-remoncie-blisko-gumed-ID4BgaF,3 pokojowe mieszkanie po remoncie blisko GUMed,,rent,3500,54,THREE,,,,,,pomorskie,,,
61308527,otodom,https://www.otodom.pl/pl/oferta/kawalerka-z-pelnym-wyposazeniem-gdansk-niepolomicka-ID49f9d,"Kawalerka z pełnym wyposażeniem, Gdańsk, Niepołomicka",,rent,2000,33,ONE,,,,,,pomorskie,,,
67943294,otodom,https://www.otodom.pl/pl/oferta/3-pok-z-balkonem-miejsce-parkingowe-w-hali-ID4B59A,3 pok. z balkonem + miejsce parkingowe w hali,,rent,4250,60,THREE,,,,,,pomorskie,,,
67862763,otodom,https://www.otodom.pl/pl/oferta/zamieszkaj-jako-pierwszy-2-pokoje-perspektywa-ID4AKcH,Zamieszkaj jako pierwszy | 2 pokoje | Perspektywa,,rent,3250,47,TWO,,,,,,pomorskie,,,
67985123,otodom,https://www.otodom.pl/pl/oferta/luksusowy-apartament-w-samym-centrum-gdanska-ID4Bg2f,Luksusowy apartament w samym Centrum Gdańska!,,rent,9999,103.6,FOUR,,,,,,pomorskie,,,
67602138,otodom,https://www.otodom.pl/pl/oferta/ekskluzywny-apartament-z-widokiem-na-park-ID4zEp4,Ekskluzywny apartament z widokiem na park.,,rent,9000,105,ONE,,,,,,pomorskie,,,
67720310,otodom,https://www.otodom.pl/pl/oferta/nowoczesne-2-pokojowe-mieszkanie-z-balkonem-ID4A994,Nowoczesne 2-pokojowe mieszkanie z balkonem,,rent,3300,44,TWO,,,,,,pomorskie,,,
67926730,otodom,https://www.otodom.pl/pl/oferta/dwupokojowe-mieszkanie-przy-obwodnicy-orunia-kazimierza-wielkiego-ID4B0Qq,"Dwupokojowe mieszkanie przy obwodnicy, ORUNIA, Kazimierza Wielkiego",,rent,2200,29,TWO,,,,,,pomorskie,,,
67920307,otodom,https://www.otodom.pl/pl/oferta/kawalerka-retro-silownia-sauna-co-working-bez-prowizji-ID4AZaP,"Kawalerka retro - siłownia, sauna, co-working BEZ PROWIZJI",,rent,2250,20,ONE,,,,,,pomorskie,,,
67920343,otodom,https://www.otodom.pl/pl/oferta/kawalerka-retro-silownia-sauna-co-working-bez-prowizji-ID4AZbp,"Kawalerka retro - siłownia, sauna, co-working BEZ PROWIZJI",,rent,2400,25,ONE,,,,,,pomorskie,,,
67957520,otodom,https://www.otodom.pl/pl/oferta/2-pokojowe-mieszkanie-do-wynajecia-gdansk-morena-garderoba-balkon-ID4B8R2,"2-pokojowe mieszkanie do wynajęcia Gdańsk Morena | garderoba, balkon",,rent,2400,40,TWO,,,,,,pomorskie,,,
67983627,otodom,https://www.otodom.pl/pl/oferta/2-pokoje-45m2-standard-zyczliwa-jasien-ID4BfE7,2 Pokoje | 45m2 | Standard+ | Życzliwa | Jasień,,rent,2800,45,TWO,,,,,,pomorskie,,,
63137224,otodom,https://www.otodom.pl/pl/oferta/kawalerka-blisko-centrum-800-m-do-forum-najem-od-maj-czerwiec-ID4gUSk,Kawalerka - blisko Centrum 800 m do Forum! Najem od maj/czerwiec!,,rent,2100,29.9,ONE,,,,,,pomorskie,,,
67983154,otodom,https://www.otodom.pl/pl/oferta/kawalerka-do-wynajecia-od-zaraz-gdansk-srodmiescie-ID4Bfvu,Kawalerka do wynajęcia od zaraz – Gdańsk Śródmieście,,rent,2600,30,ONE,,,,,,pomorskie,,,
67983042,otodom,https://www.otodom.pl/pl/oferta/matemblewo-mieszkanie-3-pokojowe-blisko-lasu-wynajem-dlugoterminowy-ID4BfuG,"Matemblewo, mieszkanie 3-pokojowe, blisko lasu, wynajem długoterminowy",,rent,3500,60,THREE,,,,,,pomorskie,,,
67865988,otodom,https://www.otodom.pl/pl/oferta/apartament-na-czternastym-pietrze-w-gdansku-ID4AL2I,Apartament NA Czternastym Piętrze W Gdańsku,,rent,9000,93,THREE,,,,,,pomorskie,,,
96799019200067,otodom,https://www.otodom.pl/pl/oferta/3pok-stare-miasto-lux-srednio-lub-dlugoterminowo-ID4Bhm0,3pok Stare Miasto Lux średnio- lub długoterminowo,,rent,4500,62.5,THREE,,,,,,pomorskie,,,
67982494,otodom,https://www.otodom.pl/pl/oferta/prestizowy-apartement-pierwsza-lini-brzegowa-ID4BflQ,Prestiżowy Apartement pierwsza lini Brzegowa,,rent,3200,45,TWO,,,,,,pomorskie,,,
67759396,otodom,https://www.otodom.pl/pl/oferta/dwa-pokoje-wynajem-oliwa-blisko-awf-ID4Ajju,Dwa pokoje | Wynajem | Oliwa | blisko Awf,,rent,2300,39,TWO,,,,,,pomorskie,,,
67981472,otodom,https://www.otodom.pl/pl/oferta/apartament-w-centrum-gdanska-blisko-skm-i-forum-ID4Bf5m,"Apartament w centrum Gdańska, blisko SKM i Forum",,rent,3500,56.2,TWO,,,,,,pomorskie,,,
67981127,otodom,https://www.otodom.pl/pl/oferta/umeblowane-i-wyposazone-2-pok-na-lawendowym-wzg-ID4BeZN,Umeblowane i wyposażone 2 pok. na Lawendowym Wzg,,rent,2500,38.41,TWO,,,,,,pomorskie,,,
67980775,otodom,https://www.otodom.pl/pl/oferta/3-pokoje-i-ul-malczewskiego-i-balkon-otwarty-na-zielen-i-po-remoncie-ID4BeU7,3 pokoje I ul. Malczewskiego I Balkon otwarty na zieleń I Po remoncie,,rent,3200,57,THREE,,,,,,pomorskie,,,
67980112,otodom,https://www.otodom.pl/pl/oferta/4-niezalezne-pokoje-gdansk-suchanino-blisko-gumed-i-politechniki-ID4BeJq,4 niezależne pokoje | Gdańsk Suchanino | blisko GUMed i Politechniki,,rent,4600,66,FOUR,,,,,,pomorskie,,,
66570061,otodom,https://www.otodom.pl/pl/oferta/dwupokojowe-mieszkanie-na-zaspie-ID4wjUF,Dwupokojowe mieszkanie na Zaspie,,rent,3500,45,TWO,,,,,,pomorskie,,,
67359427,otodom,https://www.otodom.pl/pl/oferta/studio-compact-no-commission-for-students-ID4yDgn,Studio compact | No commission | For students,,rent,2000,19,ONE,,,,,,pomorskie,,,
67979638,otodom,https://www.otodom.pl/pl/oferta/sloneczne-zadbane-2-pokoje-chelm-ID4BeBM,"Słoneczne , zadbane 2 pokoje, Chełm",,rent,2200,49,TWO,,,,,,pomorskie,,,
67979619,otodom,https://www.otodom.pl/pl/oferta/gdansk-strzyza-wynajem-3-pokoje-ID4BeBt,"Gdańsk Strzyża, Wynajem, 3 Pokoje",,rent,4000,56,THREE,,,,,,pomorskie,,,
63971272,otodom,https://www.otodom.pl/pl/oferta/gdansk-srodmiescie-ul-walowa-ID4kpQI,Gdańsk Śródmieście ul. Wałowa,,rent,3000,44,TWO,,,,,,pomorskie,,,
66375830,otodom,https://www.otodom.pl/pl/oferta/wynajme-mieszkanie-ID4uwnU,Wynajmę mieszkanie,,rent,2800,38,TWO,,,,,,pomorskie,,,
55861320,otodom,https://www.otodom.pl/pl/oferta/mieszkanie-2-pok-walowa-miejsce-postojowe-w-hali-ID3Mo52,Mieszkanie 2-pok Wałowa + miejsce postojowe w hali,,rent,3100,45,TWO,,,,,,pomorskie,,,
67944704,otodom,https://www.otodom.pl/pl/oferta/4-pokojowe-mieszkanie-srodmiescie-bezposrednio-ID4B5vk,4 pokojowe mieszkanie | Śródmieście | BEZPOŚREDNIO,,rent,8300,98.96,FOUR,,,,,,pomorskie,,,
67900830,otodom,https://www.otodom.pl/pl/oferta/apartament-matemblewska-44-ID4AU6G,Apartament Matemblewska 44,,rent,3900,91.4,THREE,,,,,,pomorskie,,,
67978098,otodom,https://www.otodom.pl/pl/oferta/osiedle-zamkniete-1-6km-od-morza-fitness-sauna-ID4BecV,"Osiedle zamknięte | 1,6km od morza |fitness|sauna|",,rent,3200,42,TWO,,,,,,pomorskie,,,
67977944,otodom,https://www.otodom.pl/pl/oferta/lawendowe-wzgorze-2-pokoje-balkon-parking-ID4Beas,"Lawendowe Wzgórze, 2 pokoje, balkon, parking",,rent,2650,44,TWO,,,,,,pomorskie,,,
66599091,otodom,https://www.otodom.pl/pl/oferta/wyjatkowy-piekny-apartament-rajska-garaz-lux-ID4wrsT,Wyjątkowy Piękny Apartament Rajska garaż Lux,,rent,5500,78.2,THREE,,,,,,pomorskie,,,
67976471,otodom,https://www.otodom.pl/pl/oferta/serce-gdanska-2-pokoje-miejsce-parkingowe-ID4BdMH,Serce Gdańska | 2 pokoje | miejsce parkingowe,,rent,2700,34.1,TWO,,,,,,pomorskie,,,
67976444,otodom,https://www.otodom.pl/pl/oferta/apartament-108-m-gdansk-letnica-ID4BdMg,"Apartament 108 m² | Gdańsk, Letnica.",,rent,6300,108,TWO,,,,,,pomorskie,,,
67975338,otodom,https://www.otodom.pl/pl/oferta/oldnova-wygodny-apartament-stare-miasto-ID4Bduq,OldNova - wygodny apartament - Stare Miasto,,rent,2800,47,TWO,,,,,,pomorskie,,,
67975212,otodom,https://www.otodom.pl/pl/oferta/apartament-z-widokiem-na-rzeke-do-wynajecia-ID4Bdso,Apartament  z widokiem na rzekę - Do Wynajęcia!,,rent,3600,48,TWO,,,,,,pomorskie,,,
67975211,otodom,https://www.otodom.pl/pl/oferta/wynajem-premium-brabank-2-pokoje-wanna-ID4Bdsn,"Wynajem Premium | Brabank, 2 pokoje | wanna.",,rent,4500,47.25,TWO,,,,,,pomorskie,,,
67975214,otodom,https://www.otodom.pl/pl/oferta/brabank-komfortowy-apartament-do-wynajecia-ID4Bdsq,Brabank - Komfortowy Apartament - Do Wynajęcia!,,rent,4500,52,TWO,,,,,,pomorskie,,,
67974993,otodom,https://www.otodom.pl/pl/oferta/nowoczesne-54-m-w-centrum-wrzeszcza-balkon-swietna-lokalizacja-ID4BdoR,Nowoczesne 54 m² w centrum Wrzeszcza | balkon | świetna lokalizacja,,rent,3900,54,TWO,,,,,,pomorskie,,,
67974563,otodom,https://www.otodom.pl/pl/oferta/mieszkanie-3-pokoje-osowa-ul-tezeusza-3000zl-ID4BdhW,Mieszkanie 3 Pokoje Osowa ul. Tezeusza  - 3000zł,,rent,3000,72,THREE,,,,,,pomorskie,,,
67974564,otodom,https://www.otodom.pl/pl/oferta/mieszkanie-stare-miasto-ul-garbary-2800zl-ID4BdhV,Mieszkanie Stare Miasto ul. Garbary  - 2800zł,,rent,2800,36,TWO,,,,,,pomorskie,,,
67974511,otodom,https://www.otodom.pl/pl/oferta/2-pokoje-38-35m2-garden-gates-dlugie-ogrody-ID4Bdh5,"2 pokoje, 38,35m2, Garden Gates Długie Ogrody",,rent,3200,37.75,TWO,,,,,,pomorskie,,,
67974485,otodom,https://www.otodom.pl/pl/oferta/nieruchomosc-w-sercu-wrzeszcza-ID4BdgF,Nieruchomość w sercu Wrzeszcza,,rent,6000,76.5,SIX,,,,,,pomorskie,,,
67974416,otodom,https://www.otodom.pl/pl/oferta/dwupokojowe-mieszkanie-z-balkonem-w-gdansku-kokoszki-ID4Bdfy,Dwupokojowe mieszkanie z balkonem w Gdańsku - Kokoszki,,rent,3000,43,TWO,,,,,,pomorskie,,,
67974151,otodom,https://www.otodom.pl/pl/oferta/widok-na-morze-2-balkony-3-pok-letnica-10-pietro-ID4Bdbh,Widok na morze/2 balkony/3 pok./Letnica/10 piętro,,rent,4650,65.78,THREE,,,,,,pomorskie,,,
67726496,otodom,https://www.otodom.pl/pl/oferta/wygodne-3-pokoje-z-mp-w-hali-ID4AaKQ,Wygodne 3 pokoje z MP w hali,,rent,4200,59.5,THREE,,,,,,pomorskie,,,
67973866,otodom,https://www.otodom.pl/pl/oferta/mieszkanie-na-wynajem-ID4Bd6G,Mieszkanie na wynajem,,rent,2400,37.79,TWO,,,,,,pomorskie,,,
67973526,otodom,https://www.otodom.pl/pl/oferta/mieszkanie-2-pokojowe-z-loggia-w-garnizonie-gotowe-do-zamieszkania-ID4Bd1c,Mieszkanie 2-pokojowe z loggią w Garnizonie – gotowe do zamieszkania!,,rent,3200,40,TWO,,,,,,pomorskie,,,
67973425,otodom,https://www.otodom.pl/pl/oferta/wynajme-mieszkanie-od-zaraz-morena-ID4BcZz,Wynajmę mieszkanie od zaraz Morena,,rent,2500,30,ONE,,,,,,pomorskie,,,
67878915,otodom,https://www.otodom.pl/pl/oferta/od-czerwca-brabank-widok-na-rzeke-parking-sauna-ID4AOpd,"Od Czerwca Brabank, widok na rzekę, parking, sauna",,rent,5750,72,THREE,,,,,,pomorskie,,,
96798249400067,otodom,https://www.otodom.pl/pl/oferta/prestizowy-apartement-pierwsza-lini-brzegowa-ID4BflQ,Prestiżowy Apartement pierwsza lini Brzegowa,,rent,3200,45,TWO,,,,,,pomorskie,,,
67973374,otodom,https://www.otodom.pl/pl/oferta/mieszkanie-2-pokojowe-morelowa-jasien-ID4BcYK,"Mieszkanie 2-pokojowe, Morelowa (Jasień)",,rent,2200,42.5,TWO,,,,,,pomorskie,,,
66418742,otodom,https://www.otodom.pl/pl/oferta/2-pokojowe-matemblewo-morena-niedzwiednik-ID4uGy2,2-pokojowe Matemblewo (morena / niedźwiednik),,rent,2400,50,TWO,,,,,,pomorskie,,,
67952993,otodom,https://www.otodom.pl/pl/oferta/posiadamy-na-wynajem-zupelnie-nowe-2-pokojowe-mie-ID4B7G1,Posiadamy na wynajem zupełnie nowe 2-pokojowe mie,,rent,2500,39,TWO,,,,,,pomorskie,,,
67768576,otodom,https://www.otodom.pl/pl/oferta/gdansk-nowy-apartament-premium-garaz-taras-z-widokiem-30m2-ID4AlHy,Gdańsk nowy apartament premium | garaż | taras z widokiem 30m2,,rent,6490,46.69,TWO,,,,,,pomorskie,,,
67972259,otodom,https://www.otodom.pl/pl/oferta/2-pokoje-stare-miasto-balkon-blisko-skm-od-lipca-ID4BcGL,2 pokoje|Stare Miasto|balkon|blisko SKM|od lipca,,rent,3400,33,TWO,,,,,,pomorskie,,,
67972254,otodom,https://www.otodom.pl/pl/oferta/2-pokoje-osobna-kuchnia-48-m-calorocznie-ID4BcGG,2 pokoje | osobna kuchnia | 48 m² | całorocznie,,rent,3000,48,TWO,,,,,,pomorskie,,,
67972239,otodom,https://www.otodom.pl/pl/oferta/2-pokoje-stare-miasto-46-m-od-zaraz-ID4BcGr,2 pokoje | Stare Miasto | 46 m² | od zaraz,,rent,3200,50,TWO,,,,,,pomorskie,,,
65623954,otodom,https://www.otodom.pl/pl/oferta/do-wynajecia-apartament-gdansk-centrum-srodmiescie-od-zaraz-ID4rlMS,Do wynajęcia apartament Gdańsk centrum śródmieście OD ZARAZ,,rent,3000,30,ONE,,,,,,pomorskie,,,
67972065,otodom,https://www.otodom.pl/pl/oferta/2-pokoje-z-hala-garazowa-i-komorka-lokatorska-ID4BcDD,2 pokoje z halą garażową i komórką lokatorską,,rent,3500,37.7,TWO,,,,,,pomorskie,,,
67971974,otodom,https://www.otodom.pl/pl/oferta/sloneczne-2-pok-havlove-komorka-parking-chelm-ID4BcCa,"Słoneczne 2 - pok Havlove  komórka, parking Chełm",,rent,2600,35,TWO,,,,,,pomorskie,,,
67971908,otodom,https://www.otodom.pl/pl/oferta/3-pokojowy-apartament-z-tarasem-garnizon-ID4BcB6,3 pokojowy apartament z tarasem Garnizon,,rent,5500,80,THREE,,,,,,pomorskie,,,
67971844,otodom,https://www.otodom.pl/pl/oferta/3-pokoje-60-m-parking-oddzielna-kuchnia-brzezno-ID4BcA4,"3-pokoje,60 m²|Parking|Oddzielna kuchnia|Brzeźno",,rent,3800,60,THREE,,,,,,pomorskie,,,
67971774,otodom,https://www.otodom.pl/pl/oferta/przestronne-mieszkanie-z-balkonem-z-widokiem-na-jeziorko-ID4BcyV,Przestronne mieszkanie z balkonem z widokiem na jeziorko,,rent,2350,33,ONE,,,,,,pomorskie,,,
67971581,otodom,https://www.otodom.pl/pl/oferta/przestronne-mieszkanie-z-pieknym-widokiem-ID4BcwP,Przestronne mieszkanie z pięknym widokiem.,,rent,2600,67.25,THREE,,,,,,pomorskie,,,
67971387,otodom,https://www.otodom.pl/pl/oferta/wynajem-3-pokoje-gdansk-srodmiescie-ID4BcsH,Wynajem 3 pokoje Gdańsk Śródmieście,,rent,3700,52,THREE,,,,,,pomorskie,,,
67807162,otodom,https://www.otodom.pl/pl/oferta/nowoczesne-3-pokojowe-mieszkanie-z-balkonem-ID4AwJU,Nowoczesne 3-pokojowe mieszkanie z balkonem,,rent,3400,64.76,THREE,,,,,,pomorskie,,,
67971000,otodom,https://www.otodom.pl/pl/oferta/2-pokoje-z-miejscem-w-hali-garazowej-cisza-ID4Bcms,"2 pokoje z miejscem w hali garażowej, cisza,",,rent,2800,42.7,TWO,,,,,,pomorskie,,,
67907134,otodom,https://www.otodom.pl/pl/oferta/apartament-blisko-plazy-porto-od-czerwca-ID4AWKm,Apartament blisko plaży Porto-od czerwca,,rent,2300,30,ONE,,,,,,pomorskie,,,
67970642,otodom,https://www.otodom.pl/pl/oferta/szeroka-gdansk-centrum-dwa-pokoje-37m2-w-pelni-wyposazone-ID4BcgG,Szeroka || Gdańsk Centrum || dwa pokoje 37m2 || w pełni wyposażone,,rent,2900,37,TWO,,,,,,pomorskie,,,
60067152,otodom,https://www.otodom.pl/pl/oferta/do-wynajecia-mieszkanie-2-pokoje-gdansk-brzezno-ID442d2,Do wynajęcia mieszkanie 2 pokoje - Gdańsk Brzeźno,,rent,2300,41.5,TWO,,,,,,pomorskie,,,
65339396,otodom,https://www.otodom.pl/pl/oferta/mieszkanie-60-m2-z-ogrodkiem-1-00m2-gdansk-zaspa-ID4q9Le,Mieszkanie 60 m2 z ogródkiem 1 00m2 Gdańsk Zaspa,,rent,4000,60,THREE,,,,,,pomorskie,,,
67228433,otodom,https://www.otodom.pl/pl/oferta/do-wynajecia-mieszkanie-2-pokojowe-gdansk-przymorze-46-m-ID4y5bz,"Do wynajęcia mieszkanie 2-pokojowe, Gdańsk Przymorze, 46 m²",,rent,2799,46,TWO,,,,,,pomorskie,,,
66897174,otodom,https://www.otodom.pl/pl/oferta/od-konca-czerwca-mieszkanie-2-pokoje-gdansk-kokoszki-ID4vH0G,OD KOŃCA CZERWCA -MIESZKANIE 2 POKOJE GDAŃSK KOKOSZKI,,rent,2600,44,TWO,,,,,,pomorskie,,,
67969675,otodom,https://www.otodom.pl/pl/oferta/2-pokojowe-mieszkanie-w-oliwie-parking-ID4Bc15,2 pokojowe mieszkanie w Oliwie + parking!,,rent,3390,50,TWO,,,,,,pomorskie,,,
64196563,otodom,https://www.otodom.pl/pl/oferta/komfortowe-mieszkanie-2-pokojowe-ID4lmsr,Komfortowe mieszkanie 2 pokojowe,,rent,2900,45,TWO,,,,,,pomorskie,,,
67942880,otodom,https://www.otodom.pl/pl/oferta/mieszkanie-dwupokojowe-z-miejscem-postojowym-ul-mysliwska-ID4B52U,Mieszkanie dwupokojowe z miejscem postojowym - ul. Myśliwska,,rent,2700,51,TWO,,,,,,pomorskie,,,
67968338,otodom,https://www.otodom.pl/pl/oferta/szykowne-2-pokoje-po-remoncie-z-hala-garazowa-ID4BbFv,Szykowne 2 pokoje po remoncie z halą garażową,,rent,3000,43.3,TWO,,,,,,pomorskie,,,
67968292,otodom,https://www.otodom.pl/pl/oferta/gardenia-i-od-zaraz-i-miejsce-naziemne-i-komorka-w-cenie-i-blisko-ztm-ID4BbEM,Gardenia I od zaraz I miejsce naziemne i komórka w cenie I blisko ZTM,,rent,3200,59.4,THREE,,,,,,pomorskie,,,
63470378,otodom,https://www.otodom.pl/pl/oferta/mieszkanie-76-7-m-gdansk-osowa-ul-antygony-ID4ijxM,"Mieszkanie 76,7 m, Gdańsk Osowa ul. Antygony",,rent,3500,76.7,THREE,,,,,,pomorskie,,,
67967565,otodom,https://www.otodom.pl/pl/oferta/apartament-w-kamienicy-przy-wyspie-spichrzow-ID4Bbt3,Apartament w kamienicy przy wyspie Spichrzów,,rent,3999,90,THREE,,,,,,pomorskie,,,
67967551,otodom,https://www.otodom.pl/pl/oferta/wrzeszcz-3-pok-wyposazone-ID4BbsP,"Wrzeszcz, 3 pok, wyposażone",,rent,3000,53.04,THREE,,,,,,pomorskie,,,
67967049,otodom,https://www.otodom.pl/pl/oferta/wynajme-ladna-kawalerke-lawendowe-wzgorze-ID4BbkJ,Wynajmę ładną kawalerkę Lawendowe Wzgórze,,rent,2350,29,ONE,,,,,,pomorskie,,,
67966462,otodom,https://www.otodom.pl/pl/oferta/3-pokojowego-mieszkanie-z-balkonem-2-miejsca-parkingowe-w-cenie-ID4Bbbg,"3-pokojowego mieszkanie z balkonem, 2 miejsca parkingowe w cenie!",,rent,3900,59,THREE,,,,,,pomorskie,,,
63253161,otodom,https://www.otodom.pl/pl/oferta/3-pokojowe-kolo-parku-oliwskiego-ID4hp2h,3-pokojowe kolo Parku Oliwskiego,,rent,3800,58.7,THREE,,,,,,pomorskie,,,
67966213,otodom,https://www.otodom.pl/pl/oferta/2-pokoje-3-700-pln-oplaty-browar-gdanski-bez-prowizji-ID4Bb7f,2 pokoje | 3 700 PLN + opłaty | Browar Gdański | Bez prowizji,,rent,3700,39,TWO,,,,,,pomorskie,,,
67966194,otodom,https://www.otodom.pl/pl/oferta/3-pokoje-5-200-pln-niskie-oplaty-browar-gdanski-bez-prowizji-ID4Bb6V,3 pokoje | 5 200 PLN + niskie opłaty | Browar Gdański | Bez prowizji,,rent,5200,66,THREE,,,,,,pomorskie,,,
96797337400067,otodom,https://www.otodom.pl/pl/oferta/mieszkanie-2-pokojowe-morelowa-jasien-ID4BcYK,"Mieszkanie 2-pokojowe, Morelowa (Jasień)",,rent,2200,42.5,TWO,,,,,,pomorskie,,,
67966168,otodom,https://www.otodom.pl/pl/oferta/komfortowe-studio-browar-gdanski-25m2-3300-pln-niskie-oplaty-ID4Bb6v,Komfortowe studio | Browar Gdański | 25m2 | 3300 PLN + niskie opłaty,,rent,3300,25,ONE,,,,,,pomorskie,,,
67966159,otodom,https://www.otodom.pl/pl/oferta/stylowe-studio-browar-gdanski-28m2-3200-pln-niskie-oplaty-ID4Bb6n,Stylowe studio | Browar Gdański | 28m2 | 3200 PLN + niskie opłaty,,rent,3200,28,ONE,,,,,,pomorskie,,,
67966145,otodom,https://www.otodom.pl/pl/oferta/komfortowe-studio-37-m2-brak-prowizji-browar-gdanski-ID4Bb69,Komfortowe studio 37 m2| Brak prowizji |Browar Gdański,,rent,3400,37,ONE,,,,,,pomorskie,,,
67966058,otodom,https://www.otodom.pl/pl/oferta/mieszkanie-gdansk-srodmiescie-ID4Bb4K,Mieszkanie - Gdańsk Śródmieście,,rent,3600,47,TWO,,,,,,pomorskie,,,
67966015,otodom,https://www.otodom.pl/pl/oferta/stare-miasto-50m2-bezposrednio-przy-motlawie-ID4Bb43,Stare Miasto | 50m2 | Bezpośrednio przy Motławie |,,rent,3100,50,TWO,,,,,,pomorskie,,,
67965949,otodom,https://www.otodom.pl/pl/oferta/przytulne-mieszkanie-2-pokojowe-ID4Bb2Z,Przytulne mieszkanie 2 pokojowe,,rent,2700,35,TWO,,,,,,pomorskie,,,
67498457,otodom,https://www.otodom.pl/pl/oferta/posiadamy-do-wynajecia-bardzo-atrakcyjny-zupelnie-ID4zdqN,"Posiadamy do wynajęcia bardzo atrakcyjny, zupełnie",,rent,3000,46,TWO,,,,,,pomorskie,,,
67956612,otodom,https://www.otodom.pl/pl/oferta/posiadamy-do-wynajecia-atrakcyjne-3-pok-mieszkanie-w-srodmiesciu-ID4B8Co,Posiadamy do wynajęcia atrakcyjne 3 pok.mieszkanie w Śródmieściu.,,rent,4300,58,THREE,,,,,,pomorskie,,,
67766811,otodom,https://www.otodom.pl/pl/oferta/centrum-miasta-3-pokoje-miejsce-w-hali-ID4Alf5,centrum miasta | 3 pokoje | miejsce w hali,,rent,4500,63,THREE,,,,,,pomorskie,,,
67796666,otodom,https://www.otodom.pl/pl/oferta/przestronne-mieszkanie-blisko-centrum-ID4At0C,Przestronne mieszkanie blisko centrum,,rent,3600,54,THREE,,,,,,pomorskie,,,
64569802,otodom,https://www.otodom.pl/pl/oferta/mieszkanie-do-wynajecia-garnizon-hemara-39m2-ID4mWyq,Mieszkanie do wynajęcia Garnizon ( Hemara ) 39m2,,rent,3500,39,TWO,,,,,,pomorskie,,,
67837499,otodom,https://www.otodom.pl/pl/oferta/mieszkanie-na-wynajem-w-nowym-budownictwie-ID4ADDd,Mieszkanie na wynajem w nowym budownictwie,,rent,3200,56,THREE,,,,,,pomorskie,,,
66558077,otodom,https://www.otodom.pl/pl/oferta/srodmiescie-2-niezalezne-pokoje-balkon-od-maja-ID4wgNn,"Śródmieście, 2 niezależne pokoje, balkon, od maja",,rent,2500,50,TWO,,,,,,pomorskie,,,
66937920,otodom,https://www.otodom.pl/pl/oferta/mieszkanie-2-pokojowe-z-oddzielna-kuchnia-i-miejscem-postojowym-w-hali-ID4vRBS,Mieszkanie 2 pokojowe z oddzielną kuchnią i miejscem postojowym w hali,,rent,3600,50,TWO,,,,,,pomorskie,,,
67965038,otodom,https://www.otodom.pl/pl/oferta/przytulne-mieszkanie-na-osiedlu-pastelowym-ID4BaOi,Przytulne mieszkanie na osiedlu Pastelowym,,rent,2600,38,TWO,,,,,,pomorskie,,,
66068816,otodom,https://www.otodom.pl/pl/oferta/2-pokoje-47m2-do-wynajecia-gdansk-matarnia-ID4tdv4,"2 pokoje, 47m2, do wynajęcia Gdańsk-Matarnia",,rent,2800,47.27,TWO,,,,,,pomorskie,,,
67964382,otodom,https://www.otodom.pl/pl/oferta/3-pokojowe-mieszkanie-gdansk-oliwa-przymorze-idea-ID4BaDI,3-pokojowe mieszkanie Gdańsk Oliwa Przymorze Idea,,rent,5300,68.55,THREE,,,,,,pomorskie,,,
67964371,otodom,https://www.otodom.pl/pl/oferta/prestizowy-apartament-2-pokojowy-do-wynajecia-w-atrium-oliva-ID4BaDx,Prestiżowy apartament 2-pokojowy do wynajęcia w Atrium Oliva,,rent,3700,42.5,TWO,,,,,,pomorskie,,,
67964316,otodom,https://www.otodom.pl/pl/oferta/apartament-w-stylu-boho-w-centrum-ID4BaCE,Apartament w stylu BOHO w centrum,,rent,3700,44,TWO,,,,,,pomorskie,,,
67964164,otodom,https://www.otodom.pl/pl/oferta/centru-wrzeszcza-tramwaj-3-minuty-blisko-pg-gumed-ID4BaAc,"Centru Wrzeszcza tramwaj 3 minuty blisko Pg, Gumed",,rent,2200,19.5,ONE,,,,,,pomorskie,,,
67963970,otodom,https://www.otodom.pl/pl/oferta/3-pokojowe-mieszkanie-z-widokiem-ID4Bax4,3- pokojowe mieszkanie z widokiem.,,rent,4300,58,THREE,,,,,,pomorskie,,,
67051377,otodom,https://www.otodom.pl/pl/oferta/mieszkanie-42-m-gdansk-ID4xl7P,"Mieszkanie, 42 m², Gdańsk",,rent,3400,42,TWO,,,,,,pomorskie,,,
67963652,otodom,https://www.otodom.pl/pl/oferta/2-niezalezne-pokoje-od-zaraz-winda-balkon-hala-ID4BarV,"2 niezależne pokoje, od zaraz winda, balkon, hala",,rent,3250,54.2,TWO,,,,,,pomorskie,,,
67963466,otodom,https://www.otodom.pl/pl/oferta/nowe-wysoki-standard-z-ogrodkiem-miejsce-postojowe-pierwszy-najemca-ID4BaoV,"Nowe, Wysoki Standard z Ogródkiem, Miejsce postojowe, PIERWSZY NAJEMCA",,rent,4000,55,THREE,,,,,,pomorskie,,,
64584221,otodom,https://www.otodom.pl/pl/oferta/przestronne-komfortowe-mieszkanie-ID4mZiZ,"Przestronne, komfortowe mieszkanie",,rent,2950,40,TWO,,,,,,pomorskie,,,
67960461,otodom,https://www.otodom.pl/pl/oferta/dostepne-od-zaraz-miejsce-parkingowe-ID4B9Ct,Dostępne OD Zaraz | Miejsce Parkingowe,,rent,2700,43,TWO,,,,,,pomorskie,,,
67960391,otodom,https://www.otodom.pl/pl/oferta/nowe-2-pok-balkon-piwnica-garaz-wysoki-standard-bez-prowizji-ID4B9Bl,"Nowe, 2 pok. balkon, piwnica, garaż, wysoki standard, bez prowizji!",,rent,2900,40.16,TWO,,,,,,pomorskie,,,
62180243,otodom,https://www.otodom.pl/pl/oferta/apartament-na-starowce-z-miejscem-garazowym-ID4cTW9,Apartament na starówce z miejscem garażowym,,rent,3000,45,TWO,,,,,,pomorskie,,,
67959447,otodom,https://www.otodom.pl/pl/oferta/nowe-2-pok-balkon-piwnica-garaz-wysoki-standard-bez-prowizji-ID4B9m7,"Nowe, 2 pok. balkon, piwnica, garaż, wysoki standard, bez prowizji!",,rent,3000,43.57,TWO,,,,,,pomorskie,,,
67958673,otodom,https://www.otodom.pl/pl/oferta/przestronne-3-pokojowe-mieszkanie-w-gdansku-matarni-ID4B99D,Przestronne 3-pokojowe mieszkanie w Gdańsku Matarni,,rent,2000,43,THREE,,,,,,pomorskie,,,
67957981,otodom,https://www.otodom.pl/pl/oferta/kawalerka-dla-singla-lub-pary-w-spokojnej-okolicy-ID4B8Yt,Kawalerka Dla Singla Lub Pary W Spokojnej Okolicy,,rent,2000,30.13,ONE,,,,,,pomorskie,,,
67957882,otodom,https://www.otodom.pl/pl/oferta/3-pokojowe-mieszkanie-do-wynajecia-wyspa-spichrzow-ID4B8VS,3-pokojowe mieszkanie do wynajęcia Wyspa Spichrzów,,rent,5000,61.4,THREE,,,,,,pomorskie,,,
61917973,otodom,https://www.otodom.pl/pl/oferta/mieszkanie-2-pokojowe-gdansk-lostowice-ID4bNGZ,Mieszkanie 2 - pokojowe Gdańsk Łostowice,,rent,2400,46,TWO,,,,,,pomorskie,,,
67957338,otodom,https://www.otodom.pl/pl/oferta/wysoki-standard-ogrod-od-kwietnia-ID4B8O6,Wysoki standard - ogród - Od kwietnia,,rent,2800,42.5,TWO,,,,,,pomorskie,,,
67957189,otodom,https://www.otodom.pl/pl/oferta/przestrzen-ktora-daje-komfort-3-pokoje-wygoda-ID4B8LH,"Przestrzeń,ktora daje komfort-3 pokoje, wygoda",,rent,4000,69.11,THREE,,,,,,pomorskie,,,
67957190,otodom,https://www.otodom.pl/pl/oferta/przestronne-mieszkanie-3-pokojowe-w-oliwie-blisk-ID4B8LI,Przestronne mieszkanie 3-pokojowe w Oliwie | Blisk,,rent,3800,62,TWO,,,,,,pomorskie,,,
96796616800067,otodom,https://www.otodom.pl/pl/oferta/komfortowe-studio-browar-gdanski-25m2-3300-pln-niskie-oplaty-ID4Bb6v,Komfortowe studio | Browar Gdański | 25m2 | 3300 PLN + niskie opłaty,,rent,3300,25,ONE,,,,,,pomorskie,,,
67957123,otodom,https://www.otodom.pl/pl/oferta/dwupokojowe-mieszkanie-z-oddzielna-kuchnia-ID4B8KD,Dwupokojowe mieszkanie z oddzielną kuchnią,,rent,2500,48.68,TWO,,,,,,pomorskie,,,
67957039,otodom,https://www.otodom.pl/pl/oferta/mieszkanie-z-ogrodkiem-super-lokalizacja-ID4B8Jh,"Mieszkanie z ogródkiem,super lokalizacja",,rent,2700,29.5,ONE,,,,,,pomorskie,,,
67956400,otodom,https://www.otodom.pl/pl/oferta/omw-ID4B8yY,/OMW,,rent,4500,60,THREE,,,,,,pomorskie,,,
67956351,otodom,https://www.otodom.pl/pl/oferta/2-niezalezne-pokoje-super-lokalizacja-ID4B8yb,"2 niezależne pokoje, super lokalizacja",,rent,3000,51,TWO,,,,,,pomorskie,,,
67955946,otodom,https://www.otodom.pl/pl/oferta/mieszkanie-2-pokojowe-z-balkonem-w-gdansku-ID4B8rE,Mieszkanie 2-pokojowe z balkonem w Gdańsku,,rent,2500,49,TWO,,,,,,pomorskie,,,
67866348,otodom,https://www.otodom.pl/pl/oferta/mieszkanie-do-wynajecia-ul-chmielna-71-wyspa-spichrzow-od-lipca-ID4AL8v,Mieszkanie do wynajęcia ul. Chmielna 71 – Wyspa Spichrzów - Od Lipca,,rent,2350,45,TWO,,,,,,pomorskie,,,
67955437,otodom,https://www.otodom.pl/pl/oferta/klimatyczne-mieszkanie-w-sercu-wrzeszcza-ID4B8jr,Klimatyczne mieszkanie w sercu Wrzeszcza,,rent,8000,107,FOUR,,,,,,pomorskie,,,
66359235,otodom,https://www.otodom.pl/pl/oferta/nowy-port-2-pokoje-osobna-kuchnia-od-zaraz-ID4ur4f,"Nowy Port, 2 pokoje, osobna kuchnia, od zaraz",,rent,2200,39,TWO,,,,,,pomorskie,,,
67954178,otodom,https://www.otodom.pl/pl/oferta/wynajme-mieszkanie-gdansk-ID4B7Z8,Wynajmę mieszkanie Gdańsk,,rent,2550,46,TWO,,,,,,pomorskie,,,
67954173,otodom,https://www.otodom.pl/pl/oferta/ogrodek-caloroczny-2-pokojowy-miejsce-w-hali-ID4B7Z3,Ogródek| Całoroczny | 2 pokojowy | Miejsce w hali |,,rent,3300,50,THREE,,,,,,pomorskie,,,
62397283,otodom,https://www.otodom.pl/pl/oferta/mieszkanie-1-pokojowe-z-balkonem-na-wynajem-ID4dOnN,Mieszkanie 1 pokojowe z balkonem na wynajem,,rent,2000,33,ONE,,,,,,pomorskie,,,
55456612,otodom,https://www.otodom.pl/pl/oferta/mieszkanie-2-pokojowe-parter-z-ogrodkiem-gdansk-jasien-potegowska-ID3KGNu,"Mieszkanie 2 pokojowe, parter z ogródkiem, Gdańsk,Jasień, Potęgowska",,rent,2500,40,TWO,,,,,,pomorskie,,,
67773996,otodom,https://www.otodom.pl/pl/oferta/stylowe-i-komfortowe-mieszkanie-w-centrum-gdanska-ID4An6Y,Stylowe i komfortowe mieszkanie w centrum Gdańska,,rent,2800,38,TWO,,,,,,pomorskie,,,
67953440,otodom,https://www.otodom.pl/pl/oferta/nowe-pierwszy-wynajem-sloneczne-z-widokiem-na-las-morena-ID4B7Ne,"Nowe | pierwszy wynajem | słoneczne, z widokiem na las | Morena",,rent,3300,43,TWO,,,,,,pomorskie,,,
67953084,otodom,https://www.otodom.pl/pl/oferta/mieszkanie-gdansk-srodmiescie-ID4B7Hu,Mieszkanie - Gdańsk Śródmieście,,rent,2800,50,TWO,,,,,,pomorskie,,,
67953056,otodom,https://www.otodom.pl/pl/oferta/mieszkanie-3-pokojowe-z-balkonem-w-brzeznie-ID4B7H2,Mieszkanie 3-pokojowe z balkonem w Brzeźnie,,rent,2700,54,THREE,,,,,,pomorskie,,,
67953016,otodom,https://www.otodom.pl/pl/oferta/cicha-i-spokojna-okolica-przestronne-jasne-ID4B7Go,Cicha i spokojna okolica | Przestronne | Jasne,,rent,3500,63.4,THREE,,,,,,pomorskie,,,
67952824,otodom,https://www.otodom.pl/pl/oferta/dwupoziomowy-apartament-z-ogrodem-ID4B7Di,Dwupoziomowy apartament z ogrodem,,rent,4900,80,TWO,,,,,,pomorskie,,,
67586913,otodom,https://www.otodom.pl/pl/oferta/os-pastelowe-balkon-komorka-miejsce-postojowe-ID4zArw,"os.Pastelowe, balkon, komórka, miejsce postojowe",,rent,2600,37,TWO,,,,,,pomorskie,,,
67952030,otodom,https://www.otodom.pl/pl/oferta/mieszkanie-obok-galerii-madison-w-gdansku-ID4B7qu,Mieszkanie obok galerii Madison w Gdańsku,,rent,4400,61,TWO,,,,,,pomorskie,,,
67731679,otodom,https://www.otodom.pl/pl/oferta/apartament-42m-mieszkanie-pierwszy-najem-ID4Ac6r,APARTAMENT 42m /Mieszkanie /Pierwszy najem,,rent,3300,45,TWO,,,,,,pomorskie,,,
67951797,otodom,https://www.otodom.pl/pl/oferta/mieszkanie-gdansk-wrzeszcz-ID4B7mJ,Mieszkanie - Gdańsk Wrzeszcz,,rent,3200,40.53,TWO,,,,,,pomorskie,,,
67951796,otodom,https://www.otodom.pl/pl/oferta/mieszkanie-gdansk-przymorze-ID4B7mI,Mieszkanie - Gdańsk Przymorze,,rent,2100,37.34,TWO,,,,,,pomorskie,,,
67951794,otodom,https://www.otodom.pl/pl/oferta/mieszkanie-gdansk-ID4B7mG,Mieszkanie - Gdańsk,,rent,2000,49.8,TWO,,,,,,pomorskie,,,
67951795,otodom,https://www.otodom.pl/pl/oferta/2-pokoje-w-swietnej-lokalizacji-ul-grudziadzka-ID4B7mH,2 pokoje w świetnej lokalizacji - ul. Grudziądzka,,rent,2800,34.37,TWO,,,,,,pomorskie,,,
67951791,otodom,https://www.otodom.pl/pl/oferta/mieszkanie-gdansk-suchanino-ID4B7mD,Mieszkanie Gdańsk-Suchanino,,rent,2600,52.2,THREE,,,,,,pomorskie,,,
67951785,otodom,https://www.otodom.pl/pl/oferta/mieszkanie-gdansk-ID4B7mx,Mieszkanie - Gdańsk,,rent,2340,48.3,TWO,,,,,,pomorskie,,,
65579378,otodom,https://www.otodom.pl/pl/oferta/luksus-design-klimatyzacja-parking-z-ladowarka-ID4rabU,Luksus! Design! Klimatyzacja! Parking z ładowarką!,,rent,3700,55,TWO,,,,,,pomorskie,,,
67739985,otodom,https://www.otodom.pl/pl/oferta/mieszkanie-do-wynajecia-na-oruni-gornej-ID4Aegp,Mieszkanie do wynajęcia na Oruni Górnej,,rent,3000,59.4,THREE,,,,,,pomorskie,,,
67951263,otodom,https://www.otodom.pl/pl/oferta/mieszkanie-na-parterze-z-balkonem-w-gdansku-ID4B7e7,Mieszkanie na parterze z balkonem w Gdańsku,,rent,2200,27,ONE,,,,,,pomorskie,,,
67238080,otodom,https://www.otodom.pl/pl/oferta/nowoczesne-2-pokojowe-mieszkanie-z-balkonem-rezerwacja-od-1-czerwca-ID4y7Ha,Nowoczesne 2-pokojowe mieszkanie z balkonem -REZERWACJA OD 1 CZERWCA,,rent,2500,39,TWO,,,,,,pomorskie,,,
67950756,otodom,https://www.otodom.pl/pl/oferta/do-wynajecia-2-pokojowe-mieszkanie-w-gdansku-ID4B75V,Do wynajęcia 2 pokojowe mieszkanie w Gdańsku.,,rent,2200,36,TWO,,,,,,pomorskie,,,
67855694,otodom,https://www.otodom.pl/pl/oferta/komfortowe-2-pokojowe-mieszkanie-gdansk-zaspa-vvita-do-wynajecia-ID4AImG,Komfortowe 2 pokojowe mieszkanie Gdańsk Zaspa VVita do wynajęcia,,rent,2900,40,TWO,,,,,,pomorskie,,,
67950570,otodom,https://www.otodom.pl/pl/oferta/dwa-niezalezne-pokoje-piwnica-ID4B72V,"Dwa niezależne pokoje, piwnica",,rent,2250,50,TWO,,,,,,pomorskie,,,
67950551,otodom,https://www.otodom.pl/pl/oferta/morska-enklawa-31m2-ID4B72D,Morska Enklawa -31m2.,,rent,2300,31,ONE,,,,,,pomorskie,,,
67949170,otodom,https://www.otodom.pl/pl/oferta/luksusowe-3-pokojowy-apartament-na-wynajem-w-letnicy-gdansk-ID4B6Gm,Luksusowe 3-pokojowy apartament na wynajem w Letnicy Gdańsk,,rent,3300,58,THREE,,,,,,pomorskie,,,
96795712300067,otodom,https://www.otodom.pl/pl/oferta/dwupokojowe-mieszkanie-z-oddzielna-kuchnia-ID4B8KD,Dwupokojowe mieszkanie z oddzielną kuchnią,,rent,2500,48.68,TWO,,,,,,pomorskie,,,
67949160,otodom,https://www.otodom.pl/pl/oferta/nowoczesny-apartament-srodmiescie-doki-ID4B6Gc,"Nowoczesny apartament, Śródmieście , Doki",,rent,5300,70.66,THREE,,,,,,pomorskie,,,
67949065,otodom,https://www.otodom.pl/pl/oferta/2-pokoje-wyposazone-gdansk-osowa-ID4B6EF,2 pokoje | Wyposażone | Gdańsk Osowa,,rent,2800,41,TWO,,,,,,pomorskie,,,
67948971,otodom,https://www.otodom.pl/pl/oferta/3-pokoje-nowe-loggia-scala-gdansk-centrum-ID4B6D9,3 pokoje | nowe | loggia | Scala | Gdańsk Centrum,,rent,4250,50,THREE,,,,,,pomorskie,,,
67809862,otodom,https://www.otodom.pl/pl/oferta/komfortowa-kawalerka-w-swietnej-lokalizacji-zaspa-ID4Avrs,Komfortowa kawalerka w świetnej lokalizacji Zaspa,,rent,2400,31.1,ONE,,,,,,pomorskie,,,
67947108,otodom,https://www.otodom.pl/pl/oferta/mieszkanie-na-wynajem-tylko-5-min-od-morza-ID4B696,Mieszkanie na wynajem tylko 5 min od Morza,,rent,2500,44,TWO,,,,,,pomorskie,,,
67935262,otodom,https://www.otodom.pl/pl/oferta/bez-prowizji-kawalerka-gdansk-wrzeszcz-ID4B342,"Bez prowizji! Kawalerka, Gdańsk-Wrzeszcz",,rent,2500,26.66,ONE,,,,,,pomorskie,,,
67922536,otodom,https://www.otodom.pl/pl/oferta/nowe-mieszkanie-4-pokoje-70m-jasien-ID4AZKM,Nowe Mieszkanie 4 pokoje 70m jasień,,rent,4300,70,FOUR,,,,,,pomorskie,,,
67945669,otodom,https://www.otodom.pl/pl/oferta/super-mieszkanie-dla-kazdego-ID4B5LT,Super mieszkanie dla każdego !!,,rent,2600,46.4,TWO,,,,,,pomorskie,,,
64704155,otodom,https://www.otodom.pl/pl/oferta/osiedle-nadmorze-100m2-4pokoje-150m-od-plazy-ogrod-ID4nuwp,Osiedle Nadmorze-100m2-4Pokoje-150m od plazy+ogrod,,rent,9800,99.8,FOUR,,,,,,pomorskie,,,
67944999,otodom,https://www.otodom.pl/pl/oferta/kawalerka-do-wynajecia-ID4B5B5,Kawalerka do wynajęcia,,rent,2400,33,ONE,,,,,,pomorskie,,,
63782509,otodom,https://www.otodom.pl/pl/oferta/apartament-15-pietro-ul-partyzantow-12-ID4jCK9,"Apartament 15 piętro, ul. Partyzantów 12",,rent,3400,50,TWO,,,,,,pomorskie,,,
67943369,otodom,https://www.otodom.pl/pl/oferta/kawalerka-gdansk-zaspa-ul-pilotow-20-blisko-morza-i-skm-ID4B5aN,Kawalerka Gdańsk Zaspa | ul. Pilotów 20 | Blisko morza i SKM,,rent,2300,30,ONE,,,,,,pomorskie,,,
67943295,otodom,https://www.otodom.pl/pl/oferta/3-pok-z-balkonem-miejsce-parkingowe-w-hali-ID4B59B,3 pok. z balkonem + miejsce parkingowe w hali,,rent,4250,60,THREE,,,,,,pomorskie,,,
67942238,otodom,https://www.otodom.pl/pl/oferta/2-pokojowe-z-ogrodkiem-przyjazne-zwierzetom-chelm-ID4B4Sy,2-pokojowe z ogródkiem | przyjazne zwierzętom | Chełm,,rent,2500,50,TWO,,,,,,pomorskie,,,
67942066,otodom,https://www.otodom.pl/pl/oferta/apartament-z-widokiem-na-las-ID4B4PM,Apartament z widokiem na las.,,rent,3690,70,THREE,,,,,,pomorskie,,,
67740942,otodom,https://www.otodom.pl/pl/oferta/trzypokojowe-mieszkanie-silownia-parking-wrzeszcz-grudziadzka-ID4AewQ,"Trzypokojowe mieszkanie, siłownia, parking - Wrzeszcz, Grudziądzka",,rent,3500,66,THREE,,,,,,pomorskie,,,
67940680,otodom,https://www.otodom.pl/pl/oferta/dlugoterminowo-w-pokoje-balkon-w-centrum-ID4B4tq,"Długoterminowo - w pokoje, balkon w Centrum",,rent,3200,40,TWO,,,,,,pomorskie,,,
67940221,otodom,https://www.otodom.pl/pl/oferta/orunia-gorna-2-pokoje-plus-osobna-kuchnia-ID4B4m1,Orunia Górna 2 pokoje plus osobna kuchnia,,rent,2400,45.2,TWO,,,,,,pomorskie,,,
67870828,otodom,https://www.otodom.pl/pl/oferta/nowe-3-pok-balkon-komorka-garaz-klimatyzacja-bezposrednio-ID4AMiM,"Nowe, 3 -pok. balkon, komórka, garaż, klimatyzacja, bezpośrednio!",,rent,3900,65.25,THREE,,,,,,pomorskie,,,
67939086,otodom,https://www.otodom.pl/pl/oferta/apartament-2-pokoje-52-m-przy-ul-przytulnej-wysoki-standard-ID4B43I,Apartament 2-pokoje 52 m² przy ul. Przytulnej | wysoki standard,,rent,3300,52,TWO,,,,,,pomorskie,,,
67938655,otodom,https://www.otodom.pl/pl/oferta/3pok-balkon-garaz-lokalizacja-gdansk-chelm-jasne-ID4B3VL,3pok balkon garaż  lokalizacja Gdańsk Chełm Jasne,,rent,3800,55,THREE,,,,,,pomorskie,,,
67841733,otodom,https://www.otodom.pl/pl/oferta/wysoki-standard-duzy-balkon-olivia-business-centre-obc-ID4AEJw,"Wysoki Standard, duży balkon, Olivia Business Centre OBC",,rent,3500,55,TWO,,,,,,pomorskie,,,
67938352,otodom,https://www.otodom.pl/pl/oferta/garnizon-trzy-pokojowe-mieszkanie-ID4B3RS,Garnizon- trzy pokojowe mieszkanie,,rent,4500,66,THREE,,,,,,pomorskie,,,
67938102,otodom,https://www.otodom.pl/pl/oferta/komfortowe-mieszkanie-dwupoziomowe-w-gdansku-ID4B3NQ,"Komfortowe mieszkanie, dwupoziomowe w  Gdańsku",,rent,4200,100,FOUR,,,,,,pomorskie,,,
67934579,otodom,https://www.otodom.pl/pl/oferta/nowoczesna-kawalerka-na-jasieniu-lawendowe-wzgorze-ID4B2T1,"Nowoczesna kawalerka na Jasieniu, Lawendowe Wzgórze",,rent,2100,30,ONE,,,,,,pomorskie,,,
67730309,otodom,https://www.otodom.pl/pl/oferta/przestronny-apartament-w-srodmiesciu-gdansk-ID4AbKl,Przestronny apartament w Śródmieściu Gdańsk,,rent,2500,67.5,THREE,,,,,,pomorskie,,,
67934117,otodom,https://www.otodom.pl/pl/oferta/przestronne-dwupokojowe-mieszkanie-na-przymorzu-ID4B2Lz,Przestronne dwupokojowe mieszkanie na Przymorzu,,rent,2500,42,TWO,,,,,,pomorskie,,,
67860362,otodom,https://www.otodom.pl/pl/oferta/nowoczesne-30m2-obok-elektrykow-widok-na-zurawie-ID4AJzY,"Nowoczesne 30m2, obok Elektryków, widok na Żurawie",,rent,2600,30,TWO,,,,,,pomorskie,,,
67933639,otodom,https://www.otodom.pl/pl/oferta/gdansk-lema-3pok-garaz-ID4B2DR,Gdańsk/Lema/3pok./garaż,,rent,3800,58,THREE,,,,,,pomorskie,,,
67933253,otodom,https://www.otodom.pl/pl/oferta/wrzeszcz-3-pokoje-81-7-m-centrum-ID4B2xD,"Wrzeszcz | 3 pokoje | 81,7 m² | Centrum",,rent,4500,81.7,THREE,,,,,,pomorskie,,,
67933084,otodom,https://www.otodom.pl/pl/oferta/nowoczesny-2-pok-apartament-miejsce-postojowe-ID4B2uU,"Nowoczesny, 2 pok. apartament, miejsce postojowe",,rent,2800,44.13,TWO,,,,,,pomorskie,,,
67605988,otodom,https://www.otodom.pl/pl/oferta/nowe-mieszkanie-w-standardzie-premium-ID4zFpa,Nowe mieszkanie w standardzie premium,,rent,3500,35,TWO,,,,,,pomorskie,,,
67931513,otodom,https://www.otodom.pl/pl/oferta/dwupokojowe-mieszkanie-na-wynajem-z-balkonem-i-parkingiem-ID4B25z,Dwupokojowe mieszkanie na wynajem z balkonem i parkingiem,,rent,2800,41,TWO,,,,,,pomorskie,,,
67929287,otodom,https://www.otodom.pl/pl/oferta/wynajem-2-pokoje-botanica-gdansk-sopot-bursztynowa-ID4B1wF,Wynajem 2 pokoje Botanica Gdańsk Sopot/Bursztynowa,,rent,4999,54,TWO,,,,,,pomorskie,,,
67928691,otodom,https://www.otodom.pl/pl/oferta/od-zaraz-w-sercu-miasta-sloneczne-przestronne-ID4B1m3,Od zaraz | W sercu miasta | Słoneczne |Przestronne,,rent,3900,70,TWO,,,,,,pomorskie,,,
67178083,otodom,https://www.otodom.pl/pl/oferta/last-chance-first-month-free-ostatnia-szansa-ID4xS5t,last chance - first month free/ ostatnia szansa -,,rent,2000,18,ONE,,,,,,pomorskie,,,
96794916000067,otodom,https://www.otodom.pl/pl/oferta/nowoczesny-apartament-srodmiescie-doki-ID4B6Gc,"Nowoczesny apartament, Śródmieście , Doki",,rent,5300,70.66,THREE,,,,,,pomorskie,,,
67927449,otodom,https://www.otodom.pl/pl/oferta/wiszace-ogrody-2-rozkladowe-pokoje-zielona-okolica-ID4B121,Wiszące Ogrody/2 rozkładowe pokoje/zielona okolica,,rent,2700,51,TWO,,,,,,pomorskie,,,
67849831,otodom,https://www.otodom.pl/pl/oferta/wielki-taras-ekspozycja-poludniowo-zachodnia-plaza-50-m-ID4AGQ7,"Wielki taras, ekspozycja południowo zachodnia, plaża 50 m.",,rent,4500,74,THREE,,,,,,pomorskie,,,
67924534,otodom,https://www.otodom.pl/pl/oferta/gdansk-lawendowe-wzgorze-3-pokoje-parking-balkon-ID4B0h0,"Gdańsk Lawendowe Wzgórze, 3 pokoje, parking,balkon",,rent,3800,63,THREE,,,,,,pomorskie,,,
66496482,otodom,https://www.otodom.pl/pl/oferta/od-zaraz-centrum-gdanska-widok-na-motlawe-ID4w0LU,OD Zaraz | Centrum Gdańska | Widok NA Motławe,,rent,8000,108.7,FOUR,,,,,,pomorskie,,,
67923644,otodom,https://www.otodom.pl/pl/oferta/nowoczesne-mieszkanie-blisko-morza-nowa-letnica-ID4B02E,Nowoczesne mieszkanie blisko morza | Nowa Letnica,,rent,3000,38.87,TWO,,,,,,pomorskie,,,
67922736,otodom,https://www.otodom.pl/pl/oferta/mieszkanie-nieumeblowane-awiator-gdansk-zaspa-ID4AZO0,Mieszkanie nieumeblowane Awiator Gdańsk Zaspa,,rent,3000,46.54,TWO,,,,,,pomorskie,,,
67922175,otodom,https://www.otodom.pl/pl/oferta/apartament-z-przepieknym-widokiem-i-duza-loggia-ID4AZEX,Apartament z przepięknym widokiem i dużą loggią.,,rent,3500,45.3,TWO,,,,,,pomorskie,,,
67178084,otodom,https://www.otodom.pl/pl/oferta/last-call-first-month-free-amenities-in-the-bu-ID4xS5u,last call!!! First month free/ amenities in the bu,,rent,2150,23,ONE,,,,,,pomorskie,,,
66890240,otodom,https://www.otodom.pl/pl/oferta/first-month-free-pierwszy-miesiac-gratis-ID4vFcQ,First month Free / Pierwszy miesiąc Gratis,,rent,2550,38,THREE,,,,,,pomorskie,,,
66889945,otodom,https://www.otodom.pl/pl/oferta/ostatnia-szansa-pierwszy-miesiac-gratis-last-c-ID4vF85,Ostatnia Szansa!!! Pierwszy miesiąc gratis! Last C,,rent,1600,22,ONE,,,,,,pomorskie,,,
67178105,otodom,https://www.otodom.pl/pl/oferta/first-month-free-great-location-ID4xS5P,first month free !! Great location,,rent,3300,42,THREE,,,,,,pomorskie,,,
67920942,otodom,https://www.otodom.pl/pl/oferta/2-pokoje-parking-w-doskonalej-lokalizacji-ID4AZl4,2 pokoje + parking w doskonałej lokalizacji,,rent,2600,52,TWO,,,,,,pomorskie,,,
67920244,otodom,https://www.otodom.pl/pl/oferta/gdansk-ul-garbary-idealna-lokalizacja-ID4AZ9O,Gdańsk ul. Garbary - idealna lokalizacja,,rent,2600,60,TWO,,,,,,pomorskie,,,
60041140,otodom,https://www.otodom.pl/pl/oferta/mieszkanie-2-pokojowe-w-srodmiesciu-gdanska-ID43Wru,Mieszkanie 2 pokojowe w śródmieściu Gdańska,,rent,2800,53,TWO,,,,,,pomorskie,,,
67920014,otodom,https://www.otodom.pl/pl/oferta/2-pok-ul-guderskiego-ogrodek-miejsce-park-ID4AZ66,2 pok. | ul. Guderskiego | Ogródek | Miejsce park.,,rent,2900,36,TWO,,,,,,pomorskie,,,
59974256,otodom,https://www.otodom.pl/pl/oferta/mieszkanie-44-62-m2-i-pietro-harmonia-oliwska-ID43E2I,"Mieszkanie 44,62 M2. I piętro. Harmonia Oliwska",,rent,3400,44.6,TWO,,,,,,pomorskie,,,
66921317,otodom,https://www.otodom.pl/pl/oferta/wynajem-kawalerka-zaspa-elastycznie-przyjazne-psom-dachowy-taras-ID4vNi5,"Wynajem kawalerka Zaspa: elastycznie, przyjazne psom, dachowy taras",,rent,2000,25,ONE,,,,,,pomorskie,,,
67918588,otodom,https://www.otodom.pl/pl/oferta/2-pokoje-w-idealnej-lokalizacji-wrzeszcz-ID4AYJ6,2 pokoje w idealnej lokalizacji - Wrzeszcz,,rent,2900,35.4,TWO,,,,,,pomorskie,,,
67695870,otodom,https://www.otodom.pl/pl/oferta/nowe-2026r-2-pokoje-winda-tramwaj-miejsce-parkingowe-ID4A2MS,NOWE 2026r 2-pokoje winda Tramwaj miejsce parkingowe,,rent,2500,39,TWO,,,,,,pomorskie,,,
67917643,otodom,https://www.otodom.pl/pl/oferta/atrakcyjne-mieszkanie-na-1-pietrze-ID4AYtR,Atrakcyjne mieszkanie na 1 piętrze,,rent,2150,41.39,TWO,,,,,,pomorskie,,,
63194767,otodom,https://www.otodom.pl/pl/oferta/rezerwacja-przymorze-male-3-pokoje-wysoki-standard-balkon-garaz-ID4h9Qr,"REZERWACJA Przymorze Małe 3 pokoje - wysoki standard, balkon, garaż",,rent,4300,70.6,THREE,,,,,,pomorskie,,,
67915147,otodom,https://www.otodom.pl/pl/oferta/gdansk-olivia-business-centre-alchemia-flat-rent-ID4AXPB,GDAŃSK-Olivia Business Centre/Alchemia FLAT RENT,,rent,3500,40,TWO,,,,,,pomorskie,,,
67914868,otodom,https://www.otodom.pl/pl/oferta/swietnie-skomunikowane-2-pokojowe-blisko-centrum-ID4AXL6,"Świetnie skomunikowane 2-pokojowe, blisko Centrum",,rent,2000,30,TWO,,,,,,pomorskie,,,
67914659,otodom,https://www.otodom.pl/pl/oferta/lokal-typu-studio-nowoczesny-ID4AXHJ,Lokal typu studio !!! Nowoczesny !!!,,rent,2195,19.56,ONE,,,,,,pomorskie,,,
67914443,otodom,https://www.otodom.pl/pl/oferta/do-wynajecia-2-pokojowe-mieszkanie-morena-72-m-taras-parking-ID4AXEf,"Do wynajęcia 2-pokojowe mieszkanie Morena, 72 m², taras, parking",,rent,2800,72,TWO,,,,,,pomorskie,,,
67910129,otodom,https://www.otodom.pl/pl/oferta/okazja-3-pokoje-na-morenie-od-czerwca-ID4AVvF,Okazja! 3 pokoje na Morenie od czerwca!,,rent,2500,55.2,THREE,,,,,,pomorskie,,,
67908535,otodom,https://www.otodom.pl/pl/oferta/ujescisko-lostowice-ul-swirskiego-3-pokoje-ID4AV6X,Ujeścisko-Łostowice ul. Świrskiego / 3 pokoje,,rent,2700,62,THREE,,,,,,pomorskie,,,
67907920,otodom,https://www.otodom.pl/pl/oferta/2-pokojowe-mieszkanie-z-balkonem-w-gdansku-wrzeszczu-garnizon-ID4AWX2,2-pokojowe mieszkanie z balkonem w Gdańsku Wrzeszczu – Garnizon,,rent,3200,43,TWO,,,,,,pomorskie,,,
67907211,otodom,https://www.otodom.pl/pl/oferta/strzyza-miedzy-wrzeszcz-a-oliwa-mieszkanie-2-pokoje-miejsce-parkingowe-ID4AWLB,Strzyża między Wrzeszcz a Oliwa mieszkanie 2 pokoje miejsce parkingowe,,rent,2800,52,TWO,,,,,,pomorskie,,,
66558048,otodom,https://www.otodom.pl/pl/oferta/lostowice-2-pokoje-balkon-parking-od-czerwca-ID4wgMU,"Łostowice, 2 pokoje, balkon, parking, od czerwca",,rent,2500,34,TWO,,,,,,pomorskie,,,
67907240,otodom,https://www.otodom.pl/pl/oferta/dwupokojowe-mieszkanie-na-orunii-ul-sandomierska-ID4AWM4,"Dwupokojowe mieszkanie na Orunii, ul. Sandomierska",,rent,1800,52,TWO,,,,,,pomorskie,,,
67898293,otodom,https://www.otodom.pl/pl/oferta/mieszkanie-30-m-z-balkonem-w-gdansku-ul-rzeczypospolitej-7-ID4ATrL,Mieszkanie 30 m² z balkonem w Gdańsku ul. Rzeczypospolitej 7,,rent,3200,30,ONE,,,,,,pomorskie,,,
67905221,otodom,https://www.otodom.pl/pl/oferta/aapartament-2-pokojowy-os-angielska-grobla-ID4AWfw,"Aapartament 2 pokojowy, os. Angielska Grobla",,rent,3800,48,TWO,,,,,,pomorskie,,,
67904850,otodom,https://www.otodom.pl/pl/oferta/chelm-dwa-pokoje-wyposazone-balkon-od-zaraz-ID4AW9v,"Chełm, dwa pokoje, wyposażone, balkon, od zaraz",,rent,2500,42,TWO,,,,,,pomorskie,,,
67898315,otodom,https://www.otodom.pl/pl/oferta/ekskluzywne-mieszkanie-typu-loft-z-duzym-tarasem-osowa-2-lazienki-ID4ATs7,Ekskluzywne mieszkanie typu loft z dużym tarasem | Osowa | 2 łazienki,,rent,3850,60,TWO,,,,,,pomorskie,,,
67903827,otodom,https://www.otodom.pl/pl/oferta/twoje-mieszkanie-w-swietnej-lokalizacji-ID4AUT1,Twoje mieszkanie w świetnej lokalizacji,,rent,2500,45.82,TWO,,,,,,pomorskie,,,
96792744900067,otodom,https://www.otodom.pl/pl/oferta/wiszace-ogrody-2-rozkladowe-pokoje-zielona-okolica-ID4B121,Wiszące Ogrody/2 rozkładowe pokoje/zielona okolica,,rent,2700,51,TWO,,,,,,pomorskie,,,
67901456,otodom,https://www.otodom.pl/pl/oferta/oliwski-park-moderna-2-sypialnie-z-ogrodem-ID4AUgM,Oliwski Park Moderna 2 sypialnie z ogrodem,,rent,5900,66.77,THREE,,,,,,pomorskie,,,
67900956,otodom,https://www.otodom.pl/pl/oferta/nowoczesne-mieszkanie-2-pokoje-nowa-letnica-ID4AU8I,Nowoczesne Mieszkanie 2-Pokoje/ Nowa Letnica,,rent,3500,40,TWO,,,,,,pomorskie,,,
67900592,otodom,https://www.otodom.pl/pl/oferta/mieszkanie-na-wynajem-gdansk-2-pokoje-ID4AU2Q,"Mieszkanie na wynajem, Gdańsk, 2 pokoje",,rent,2700,39,TWO,,,,,,pomorskie,,,
67900570,otodom,https://www.otodom.pl/pl/oferta/gdansk-srodmiescie-idealne-mieszkanie-inwestycyjne-ID4AU2u,Gdańsk Śródmieście-Idealne mieszkanie inwestycyjne,,rent,4500,45.94,TWO,,,,,,pomorskie,,,
67793761,otodom,https://www.otodom.pl/pl/oferta/przestronne-dwupokojowe-mieszkanie-nad-motlawa-stare-miasto-ogarna-ID4AsfL,"Przestronne dwupokojowe mieszkanie nad Motławą, Stare Miasto, Ogarna",,rent,2600,55,TWO,,,,,,pomorskie,,,
67457990,otodom,https://www.otodom.pl/pl/oferta/nowe-2-pok-z-komorka-blisko-centrum-bezposrednio-wysoki-standard-ID4z2U6,"Nowe, 2 pok. z komórką, blisko centrum, bezpośrednio! Wysoki standard.",,rent,2900,45,TWO,,,,,,pomorskie,,,
67897201,otodom,https://www.otodom.pl/pl/oferta/kameralne-mieszkanie-w-oliwie-z-widokiem-na-las-i-morze-ID4ATa9,Kameralne mieszkanie w Oliwie z widokiem na las i morze,,rent,3300,55,THREE,,,,,,pomorskie,,,
67896413,otodom,https://www.otodom.pl/pl/oferta/nowe-2-pokoje-na-wynajem-ID4ASXr,Nowe 2 pokoje na wynajem,,rent,3250,48,TWO,,,,,,pomorskie,,,
61918927,otodom,https://www.otodom.pl/pl/oferta/mega-cena-najlepszy-widok-na-neptun-park-plaza-50-m-ID4bNVn,"Mega cena!!! Najlepszy widok na Neptun Park, plaża 50 m.",,rent,5950,81,THREE,,,,,,pomorskie,,,
64334723,otodom,https://www.otodom.pl/pl/oferta/prestizowe-mieszkanie-gdansk-oliwa-ID4lVoP,Prestiżowe mieszkanie Gdańsk OLIWA,,rent,2800,35,ONE,,,,,,pomorskie,,,
67893428,otodom,https://www.otodom.pl/pl/oferta/awiator-zaspa-2-pokoje-od-zaraz-ID4ASbi,Awiator Zaspa- 2 pokoje! Od zaraz!,,rent,3000,46.54,TWO,,,,,,pomorskie,,,
67797304,otodom,https://www.otodom.pl/pl/oferta/3-pokoje-52m-srodmiescie-old-nova-hala-ID4AtaU,3 pokoje 52m Śródmieście Old Nova hala,,rent,3700,52,THREE,,,,,,pomorskie,,,
67893244,otodom,https://www.otodom.pl/pl/oferta/3-pok-apartament-na-przymorzu-albatross-towers-ID4AS8k,3 pok. apartament na Przymorzu - Albatross Towers,,rent,3800,68,THREE,,,,,,pomorskie,,,
67892269,otodom,https://www.otodom.pl/pl/oferta/mieszkanie-z-duzym-balkonem-dostepne-od-czerwca-ID4ARSB,Mieszkanie z dużym balkonem dostępne od czerwca,,rent,2800,51,TWO,,,,,,pomorskie,,,
67834073,otodom,https://www.otodom.pl/pl/oferta/rezerwacja-komfortowe-dwupokojowe-mieszkanie-z-osobna-kuchnia-parking-ID4ACJX,"REZERWACJA Komfortowe, dwupokojowe mieszkanie z osobną kuchnią+PARKING",,rent,2300,45,TWO,,,,,,pomorskie,,,
67891771,otodom,https://www.otodom.pl/pl/oferta/dwupokojowe-mieszkanie-piekny-widok-zabudowany-balkon-paderewskiego-ID4ARKz,"Dwupokojowe mieszkanie, piękny widok, zabudowany balkon, Paderewskiego",,rent,2500,49,TWO,,,,,,pomorskie,,,
66449016,otodom,https://www.otodom.pl/pl/oferta/gdansk-srodmiescie-motlawa-garaz-komorka-widok-ID4uOqk,Gdańsk Śródmieście Motława garaż komórka widok,,rent,3300,47.79,TWO,,,,,,pomorskie,,,
67885512,otodom,https://www.otodom.pl/pl/oferta/spokojne-2-pokoje-na-przymorzu-swietna-komunikacja-ID4AQ7C,Spokojne 2 pokoje na Przymorzu-Świetna komunikacja,,rent,2600,45,TWO,,,,,,pomorskie,,,
67743431,otodom,https://www.otodom.pl/pl/oferta/apartament-premium-3-pok-atrium-oliva-oliwa-ID4Af9Z,Apartament Premium 3 pok. | Atrium Oliva | Oliwa,,rent,6200,65,THREE,,,,,,pomorskie,,,
67884339,otodom,https://www.otodom.pl/pl/oferta/kawalerka-w-oliwie-kolo-lasu-ID4APOH,Kawalerka w Oliwie koło lasu,,rent,2300,32.1,ONE,,,,,,pomorskie,,,
67882336,otodom,https://www.otodom.pl/pl/oferta/mieszkanie-na-wynajem-gdansk-ul-walowa-ID4APio,Mieszkanie na wynajem Gdańsk ul. Wałowa,,rent,2200,43,ONE,,,,,,pomorskie,,,
67795856,otodom,https://www.otodom.pl/pl/oferta/mieszkanie-do-wynajecia-oliwa-ul-pomorska-3-pok-ID4AsNy,"Mieszkanie do wynajęcia Oliwa ul. Pomorska, 3 pok",,rent,3500,62.1,THREE,,,,,,pomorskie,,,
67881498,otodom,https://www.otodom.pl/pl/oferta/mieszkanie-2-pokojowe-od-01-06-na-rok-nl-ID4AP4S,Mieszkanie 2-pokojowe od 01.06. na Rok!! NL,,rent,3200,44,TWO,,,,,,pomorskie,,,
67880966,otodom,https://www.otodom.pl/pl/oferta/dla-pary-2-pokoje-miejsce-parkingowe-ID4AOVi,Dla Pary | 2 Pokoje | Miejsce Parkingowe,,rent,2700,40.72,TWO,,,,,,pomorskie,,,
67786658,otodom,https://www.otodom.pl/pl/oferta/ru680519-ID4Aqpc,ru680519,,rent,3000,50,TWO,,,,,,pomorskie,,,
67179867,otodom,https://www.otodom.pl/pl/oferta/apartament-z-bezposrednim-widokiem-na-martwa-wisle-ID4xSyf,Apartament z bezpośrednim widokiem na martwą wisłę,,rent,4000,50,ONE,,,,,,pomorskie,,,
67179465,otodom,https://www.otodom.pl/pl/oferta/dom-szeregowy-150m2-5-pokoi-z-widokiem-na-wisle-ID4xSrL,"Dom szeregowy 150m2, 5 pokoi z widokiem na Wisłę",,rent,13000,150,FIVE,,,,,,pomorskie,,,
67686875,otodom,https://www.otodom.pl/pl/oferta/elegancki-komfortowy-apartament-front-park-ID4A0rN,"Elegancki, komfortowy apartament - Front Park",,rent,3900,65,THREE,,,,,,pomorskie,,,
66496405,otodom,https://www.otodom.pl/pl/oferta/apartament-w-przedwojennej-kamienicy-ID4w0KF,Apartament w przedwojennej kamienicy,,rent,12500,105,THREE,,,,,,pomorskie,,,
67538134,otodom,https://www.otodom.pl/pl/oferta/apartament-w-sercu-starego-m-gdanska-ID4znKK,Apartament w sercu Starego M. Gdańska!,,rent,5000,57.83,TWO,,,,,,pomorskie,,,
67654838,otodom,https://www.otodom.pl/pl/oferta/gdansk-przymorze-3-pokoje-trzy-zagle-ID4zS74,Gdańsk Przymorze- 3 pokoje Trzy Żagle,,rent,3900,66.8,THREE,,,,,,pomorskie,,,
67875384,otodom,https://www.otodom.pl/pl/oferta/3-pokoje-torunska-w-centrum-gdanska-na-wynajem-ID4ANug,3 pokoje Toruńska w centrum Gdańska na wynajem !,,rent,4200,57.9,THREE,,,,,,pomorskie,,,
67758404,otodom,https://www.otodom.pl/pl/oferta/posiadamy-do-wynajecia-komfortowy-i-bardzo-atrakcyjny-2pok-apart-ID4Aj3u,Posiadamy do wynajęcia komfortowy i bardzo atrakcyjny 2pok.apart.,,rent,2800,48,TWO,,,,,,pomorskie,,,
67872001,otodom,https://www.otodom.pl/pl/oferta/wynajem-mieszkania-dla-4-pracownikow-sezonowych-nad-morzem-brzezno-ID4AMBH,Wynajem mieszkania dla 4 pracowników sezonowych nad morzem – Brzeźno,,rent,2500,43,THREE,,,,,,pomorskie,,,
67870183,otodom,https://www.otodom.pl/pl/oferta/dwa-pokoje-piekny-widok-dlugi-termin-ID4AM8n,Dwa Pokoje Piękny Widok Długi Termin,,rent,3700,55,TWO,,,,,,pomorskie,,,
65826912,otodom,https://www.otodom.pl/pl/oferta/mieszkanie-2-pokojowe-ul-reja-blisko-pg-gumed-ID4scAo,Mieszkanie 2 pokojowe ul.Reja |blisko PG GUMed,,rent,2700,31,TWO,,,,,,pomorskie,,,
96790145600067,otodom,https://www.otodom.pl/pl/oferta/oliwski-park-moderna-2-sypialnie-z-ogrodem-ID4AUgM,Oliwski Park Moderna 2 sypialnie z ogrodem,,rent,5900,66.77,THREE,,,,,,pomorskie,,,
67865838,otodom,https://www.otodom.pl/pl/oferta/mieszkanie-2-pokojowe-przy-ul-slaskiej-przymorze-ID4AL0i,Mieszkanie 2 pokojowe przy ul. Śląskiej -Przymorze,,rent,3300,50,TWO,,,,,,pomorskie,,,
67865346,otodom,https://www.otodom.pl/pl/oferta/czteropokojowy-apartament-z-widokiem-na-motlawe-ID4AKSm,Czteropokojowy apartament z widokiem na Motławę,,rent,6650,86.17,FOUR,,,,,,pomorskie,,,
67843407,otodom,https://www.otodom.pl/pl/oferta/2-pokoje-na-wynajem-orunia-gorna-balkon-ID4AFaw,2 pokoje na Wynajem | Orunia Górna | Balkon,,rent,2100,33,TWO,,,,,,pomorskie,,,
67178086,otodom,https://www.otodom.pl/pl/oferta/ostatnia-szansa-pierwszy-miesiac-gratis-last-call-ID4xS5v,ostatnia szansa Pierwszy miesiąc gratis! Last call,,rent,2550,30,TWO,,,,,,pomorskie,,,
67837749,otodom,https://www.otodom.pl/pl/oferta/bardzo-przestronne-mieszkanie-miejsce-w-hali-ID4ADHf,"Bardzo przestronne mieszkanie , miejsce w hali",,rent,3990,67,TWO,,,,,,pomorskie,,,
67704741,otodom,https://www.otodom.pl/pl/oferta/2-pokojowe-mieszkanie-z-parkingiem-orunia-gorna-ID4A55X,"2-pokojowe mieszkanie z parkingiem, Orunia Górna",,rent,2500,47.9,TWO,,,,,,pomorskie,,,
67722077,otodom,https://www.otodom.pl/pl/oferta/nowoczesne-1-pokojowe-mieszkanie-najem-12-miesiec-ID4A9Bz,Nowoczesne 1-pokojowe mieszkanie- najem 12 miesięc,,rent,2600,21,ONE,,,,,,pomorskie,,,
67400266,otodom,https://www.otodom.pl/pl/oferta/mieszkanie-1-pokojowe-wysoki-standard-najem-12-mc-ID4yNT4,Mieszkanie 1-pokojowe wysoki standard- najem 12 mc,,rent,2600,25,ONE,,,,,,pomorskie,,,
67856726,otodom,https://www.otodom.pl/pl/oferta/duza-kawalerka-z-wyjsciem-do-ogrodu-zobacz-film-drugie-mieszkanie-ID4AIDk,Duża kawalerka z wyjściem do ogrodu ZOBACZ FILM drugie mieszkanie),,rent,2300,40,ONE,,,,,,pomorskie,,,
67855529,otodom,https://www.otodom.pl/pl/oferta/brabank-apartament-nad-motlawa-2-sypialnie-ID4AIk1,Brabank | apartament nad Motławą | 2 sypialnie,,rent,6000,72,THREE,,,,,,pomorskie,,,
67854081,otodom,https://www.otodom.pl/pl/oferta/stylowe-2-pok-z-balkonem-chlebova-blisko-rzeki-ID4AHVF,"Stylowe 2 pok. z balkonem - Chlebova, blisko rzeki",,rent,2600,32.41,TWO,,,,,,pomorskie,,,
67469021,otodom,https://www.otodom.pl/pl/oferta/nowe-pieknie-wykonczone-2-pokojowe-mieszkanie-wysoki-standard-ID4z5M1,"Nowe, pięknie wykończone 2-pokojowe mieszkanie - wysoki standard",,rent,2400,35,TWO,,,,,,pomorskie,,,
67846266,otodom,https://www.otodom.pl/pl/oferta/stylowy-apartament-2-pokoje-nad-motlawa-parking-ID4AFUC,"Stylowy apartament, 2 pokoje nad Motławą, parking",,rent,3000,39.32,TWO,,,,,,pomorskie,,,
67845099,otodom,https://www.otodom.pl/pl/oferta/mieszkanie-typu-studio-blisko-morza-ID4AFBN,Mieszkanie typu Studio blisko morza!,,rent,2500,32,ONE,,,,,,pomorskie,,,
67843983,otodom,https://www.otodom.pl/pl/oferta/atrium-oliwa-apartament-w-prestizowej-lokalizacji-ID4AFjN,Atrium Oliwa Apartament w prestiżowej lokalizacji.,,rent,3700,43.57,TWO,,,,,,pomorskie,,,
67717187,otodom,https://www.otodom.pl/pl/oferta/3-pokojowe-w-samym-sercu-gdanska-ID4A8kH,3 pokojowe w samym sercu Gdańska,,rent,4200,80,THREE,,,,,,pomorskie,,,
67768372,otodom,https://www.otodom.pl/pl/oferta/wygodne-2pok-40m2-parking-komorka-lok-ID4AlEg,wygodne 2pok 40m2 / + parking + komórka lok.,,rent,2500,39.95,TWO,,,,,,pomorskie,,,
67838980,otodom,https://www.otodom.pl/pl/oferta/2-oddzielne-pokoje-nowe-ogrody-gdansk-ID4AE16,"2 oddzielne pokoje, Nowe Ogrody, Gdańsk",,rent,2600,50,TWO,,,,,,pomorskie,,,
67834623,otodom,https://www.otodom.pl/pl/oferta/100-m-4-pokoje-blisko-centrum-do-aranzacji-ID4ACSP,100 m² | 4 pokoje | blisko centrum | do aranżacji,,rent,4000,100,FOUR,,,,,,pomorskie,,,
67831241,otodom,https://www.otodom.pl/pl/oferta/2-pokoje-osobna-kuchnia-parking-za-szlabanem-ID4AC0h,2 pokoje | osobna kuchnia | parking za szlabanem,,rent,2600,55.6,TWO,,,,,,pomorskie,,,
67830878,otodom,https://www.otodom.pl/pl/oferta/rewelacyjna-nieruchomosc-cudowny-widok-ID4ABUq,Rewelacyjna nieruchomość cudowny widok,,rent,5000,70,TWO,,,,,,pomorskie,,,
67830877,otodom,https://www.otodom.pl/pl/oferta/rewelacyjna-nieruchomosc-cudowny-widok-ID4ABUp,Rewelacyjna nieruchomość cudowny widok,,rent,5000,70,TWO,,,,,,pomorskie,,,
67792632,otodom,https://www.otodom.pl/pl/oferta/mieszkanie-z-ogrodkiem-900m-od-plazy-fitness-ID4ArXy,Mieszkanie z ogródkiem 900m od plaży | fitness |,,rent,3300,42.5,TWO,,,,,,pomorskie,,,
67781950,otodom,https://www.otodom.pl/pl/oferta/apartament-z-widokiem-na-motlawe-ID4Apbg,Apartament z widokiem na Motławę,,rent,3500,70,TWO,,,,,,pomorskie,,,
67822062,otodom,https://www.otodom.pl/pl/oferta/mieszkanie-gdansk-oliwa-ID4AzCe,Mieszkanie - Gdańsk Oliwa,,rent,3000,52,THREE,,,,,,pomorskie,,,
67815219,otodom,https://www.otodom.pl/pl/oferta/pastelowe-mieszkanie-stala-cena-12-miesiecy-ID4AxPR,Pastelowe mieszkanie | Stała cena 12 miesięcy!,,rent,3900,55.4,THREE,,,,,,pomorskie,,,
67814480,otodom,https://www.otodom.pl/pl/oferta/parter-z-ogrodkiem-blisko-centrum-przestronne-ID4AxDV,Parter Z Ogródkiem | Blisko Centrum | Przestronne,,rent,3500,52.73,TWO,,,,,,pomorskie,,,
67812197,otodom,https://www.otodom.pl/pl/oferta/jasne-2pokojowe-mieszkanie-przymorze-male-ID4Ax37,Jasne 2‑pokojowe mieszkanie – Przymorze Małe,,rent,2700,48.76,TWO,,,,,,pomorskie,,,
67809861,otodom,https://www.otodom.pl/pl/oferta/2-pok-mieszkanie-przy-neptunie-gdansk-stare-miasto-ID4Avrr,2-pok mieszkanie przy Neptunie Gdańsk Stare Miasto,,rent,3400,50,TWO,,,,,,pomorskie,,,
67806658,otodom,https://www.otodom.pl/pl/oferta/mieszkanie-2-pokojowe-przy-swietokrzyskiej-ID4AwBM,Mieszkanie 2 pokojowe przy Świętokrzyskiej,,rent,2500,45.82,TWO,,,,,,pomorskie,,,
67804369,otodom,https://www.otodom.pl/pl/oferta/przestronne-srodmiescie-klimatyzacja-ID4Aw0R,Przestronne | Śródmieście | Klimatyzacja,,rent,4000,57.84,TWO,,,,,,pomorskie,,,
67804221,otodom,https://www.otodom.pl/pl/oferta/apartament-z-wyjatkowym-widokiem-na-morze-gdansk-ID4AuYt,Apartament z wyjątkowym widokiem na morze – Gdańsk,,rent,5800,66.64,THREE,,,,,,pomorskie,,,
67803846,otodom,https://www.otodom.pl/pl/oferta/odswiezone-z-balkonem-przyjazne-pupilom-orlowska-ID4AuSq,Odświeżone z balkonem przyjazne pupilom Orłowska,,rent,2700,34.9,TWO,,,,,,pomorskie,,,
67803684,otodom,https://www.otodom.pl/pl/oferta/city-park-2-pokoje-45m2-balkon-miejsce-w-hali-ID4AuPO,City Park 2 pokoje 45m2 balkon miejsce w hali,,rent,2800,45,TWO,,,,,,pomorskie,,,
67803482,otodom,https://www.otodom.pl/pl/oferta/3-niezalezne-pokoje-gdansk-zaspa-od-zaraz-ID4AuMy,"3 niezależne pokoje - Gdańsk Zaspa, od zaraz",,rent,3000,60,THREE,,,,,,pomorskie,,,
67802704,otodom,https://www.otodom.pl/pl/oferta/orunia-gorna-ul-pastelowa-3-pok-miejsce-postojowe-ID4AuA0,"Orunia Górna ul. Pastelowa 3-pok,miejsce postojowe",,rent,3100,60,TWO,,,,,,pomorskie,,,
96786583800067,otodom,https://www.otodom.pl/pl/oferta/mieszkanie-2-pokojowe-przy-ul-slaskiej-przymorze-ID4AL0i,Mieszkanie 2 pokojowe przy ul. Śląskiej -Przymorze,,rent,3300,50,TWO,,,,,,pomorskie,,,
67798385,otodom,https://www.otodom.pl/pl/oferta/2-pokojowe-mieszkanie-10-min-od-plazy-ID4Atsl,2 pokojowe mieszkanie 10 min. od plaży,,rent,3400,45.3,TWO,,,,,,pomorskie,,,
67794841,otodom,https://www.otodom.pl/pl/oferta/2-pokoje-ogrodek-hala-bastion-walowa-ID4Asxb,"2 pokoje, ogródek, hala, Bastion Wałowa",,rent,2900,45.5,TWO,,,,,,pomorskie,,,
67780406,otodom,https://www.otodom.pl/pl/oferta/3-pokojowe-mieszkanie-na-wynajem-oliwa-park-ID4AoMm,3-pokojowe mieszkanie na wynajem - Oliwa Park,,rent,3500,67.3,THREE,,,,,,pomorskie,,,
67785154,otodom,https://www.otodom.pl/pl/oferta/mieszkanie-na-jasieniu-ID4Aq0V,Mieszkanie na Jasieniu.,,rent,2400,46,TWO,,,,,,pomorskie,,,
67784577,otodom,https://www.otodom.pl/pl/oferta/trzy-pokojowe-mieszkanie-w-samym-sercu-gdanska-ID4ApRD,Trzy pokojowe mieszkanie w samym sercu Gdańska,,rent,4500,75.9,THREE,,,,,,pomorskie,,,
67783614,otodom,https://www.otodom.pl/pl/oferta/gdansk-apartament-doki-living-na-wynajem-ID4ApC6,Gdańsk Apartament Doki Living na wynajem.,,rent,5400,76.85,THREE,,,,,,pomorskie,,,
67771040,otodom,https://www.otodom.pl/pl/oferta/przestronne-2-pok-mieszkanie-blisko-plazy-stogi-ID4Amli,"Przestronne 2-pok. mieszkanie blisko plaży, Stogi",,rent,2300,40,TWO,,,,,,pomorskie,,,
67768734,otodom,https://www.otodom.pl/pl/oferta/stylowe-studio-premium-chlebova-silownia-taras-ID4AlK6,"Stylowe studio premium - Chlebova: siłownia, taras",,rent,2800,31.71,ONE,,,,,,pomorskie,,,
67766812,otodom,https://www.otodom.pl/pl/oferta/mlode-miasto-4-pokoje-2-miejsca-w-hali-ID4Alf6,Młode Miasto | 4 pokoje | 2 miejsca w hali,,rent,6500,82,FOUR,,,,,,pomorskie,,,
67765175,otodom,https://www.otodom.pl/pl/oferta/zamkniete-osiedle-balkon-2-miejsca-w-hali-ID4AkOH,Zamknięte osiedle | balkon | 2 miejsca w hali,,rent,3500,61.5,THREE,,,,,,pomorskie,,,
67177034,otodom,https://www.otodom.pl/pl/oferta/komfortowe-mieszkanie-w-swietnej-lokalizacji-ID4xROy,Komfortowe mieszkanie w świetnej lokalizacji,,rent,3800,50,TWO,,,,,,pomorskie,,,
67581568,otodom,https://www.otodom.pl/pl/oferta/mieszkanie-z-widokiem-na-gdanska-marine-ID4zz3i,Mieszkanie z widokiem na Gdańską Marinę,,rent,4000,35,ONE,,,,,,pomorskie,,,
67761367,otodom,https://www.otodom.pl/pl/oferta/3-pokojowe-mieszkanie-w-oliwie-ID4AjPh,3-pokojowe mieszkanie w Oliwie,,rent,3500,67,THREE,,,,,,pomorskie,,,
67208921,otodom,https://www.otodom.pl/pl/oferta/os-pastelowe-balkon-komorka-miejsce-postojowe-ID4y06R,"os.Pastelowe, balkon, komórka, miejsce postojowe",,rent,2600,37,TWO,,,,,,pomorskie,,,
67754370,otodom,https://www.otodom.pl/pl/oferta/eksluzywny-apartament-dwupokojowy-garnizon-ID4Ai0q,Eksluzywny apartament dwupokojowy - Garnizon,,rent,3500,42,TWO,,,,,,pomorskie,,,
67752965,otodom,https://www.otodom.pl/pl/oferta/przestronne-mieszkanie-dwupokojowe-parking-ID4AhDL,Przestronne mieszkanie dwupokojowe + parking,,rent,4200,67.59,TWO,,,,,,pomorskie,,,
67747857,otodom,https://www.otodom.pl/pl/oferta/wolne-od-wrzesnia-blisko-morza-neptun-park-ID4Agjn,"Wolne OD Września, blisko morza, Neptun Park",,rent,3900,40,TWO,,,,,,pomorskie,,,
67747093,otodom,https://www.otodom.pl/pl/oferta/tylko-u-nas-po-kapitalnym-remoncie-ID4Ag73,Tylko u nas - po kapitalnym remoncie !,,rent,2300,37.78,TWO,,,,,,pomorskie,,,
67746994,otodom,https://www.otodom.pl/pl/oferta/ujescisko-ul-porebskiego-4-pokoje-garaz-i-piwnica-ID4Ag5s,Ujeścisko ul. Porębskiego/4-pokoje garaż i piwnica,,rent,3200,84,FOUR,,,,,,pomorskie,,,
67744863,otodom,https://www.otodom.pl/pl/oferta/apartament-3-pok-letnica-64-m2-ID4Afx5,Apartament 3 pok/LETNICA/64 m2,,rent,4000,64,THREE,,,,,,pomorskie,,,
67743388,otodom,https://www.otodom.pl/pl/oferta/przytulne-mieszkanie-w-doskonalej-lokalizacji-ID4Af9i,Przytulne mieszkanie w doskonałej lokalizacji,,rent,2500,36,TWO,,,,,,pomorskie,,,
67668648,otodom,https://www.otodom.pl/pl/oferta/przytulna-kawalerka-z-sypialnia-gdansk-zabianka-ID4zWHO,Przytulna kawalerka z sypialnią - Gdańsk Żabianka,,rent,2500,28.2,TWO,,,,,,pomorskie,,,
67741926,otodom,https://www.otodom.pl/pl/oferta/przestronne-studio-z-balkonem-mysliwska-migowo-ID4AeLI,"Przestronne studio z balkonem - Myśliwska, Migowo",,rent,2200,34.2,ONE,,,,,,pomorskie,,,
67738645,otodom,https://www.otodom.pl/pl/oferta/przestronne-mieszkanie-z-duzym-ogrodem-i-parknig-ID4AdUN,Przestronne mieszkanie z dużym ogrodem i parknig,,rent,2200,36.18,ONE,,,,,,pomorskie,,,
67678096,otodom,https://www.otodom.pl/pl/oferta/przestronne-sloneczne-dwupokojowe-mieszkanie-ID4zYac,Przestronne słoneczne dwupokojowe mieszkanie,,rent,2500,42.4,TWO,,,,,,pomorskie,,,
64705685,otodom,https://www.otodom.pl/pl/oferta/apartament-z-jedna-sypialnia-torunska-15-119b-ID4nuU5,"Apartament z jedną sypialnią, Toruńska 15/119B",,rent,11900,34,TWO,,,,,,pomorskie,,,
67711879,otodom,https://www.otodom.pl/pl/oferta/przestronne-mieszkanie-w-gdansku-oliwie-ID4A6X5,Przestronne mieszkanie w Gdańsku Oliwie,,rent,10000,97,FOUR,,,,,,pomorskie,,,
67708768,otodom,https://www.otodom.pl/pl/oferta/gdansk-szafarnia-2-pokoje-z-hala-garazowa-ID4A68U,Gdańsk Szafarnia  | 2 pokoje z halą garażową,,rent,3990,66.4,TWO,,,,,,pomorskie,,,
67153505,otodom,https://www.otodom.pl/pl/oferta/srodmiescie-lux-nowe-studio-blisko-morza-ID4xLH3,Śródmieście Lux Nowe Studio blisko morza,,rent,3200,34,ONE,,,,,,pomorskie,,,
67695045,otodom,https://www.otodom.pl/pl/oferta/4-osobne-pokoje-w-super-lokalizacji-ID4A2zz,4 osobne pokoje w super lokalizacji,,rent,3500,62.8,FOUR,,,,,,pomorskie,,,
67690668,otodom,https://www.otodom.pl/pl/oferta/2-pokojowe-mieszkanie-gdansk-murapol-portovo-ID4A1qY,"2-pokojowe mieszkanie, Gdańsk Murapol Portovo",,rent,2900,37,TWO,,,,,,pomorskie,,,
67687396,otodom,https://www.otodom.pl/pl/oferta/fajne-2-pokojowe-mieszkanie-plaza-50-m-ID4A0Ac,"Fajne 2 pokojowe mieszkanie, plaża 50 m.",,rent,3600,60,TWO,,,,,,pomorskie,,,
67683585,otodom,https://www.otodom.pl/pl/oferta/studio-nadmotlawie-i-zwierzeta-akceptowane-ID4zZAJ,Studio | Nadmotławie I zwierzęta akceptowane,,rent,3200,30,ONE,,,,,,pomorskie,,,
67500847,otodom,https://www.otodom.pl/pl/oferta/nowe-dwupoziomowe-blisko-uniwersytetu-medycznego-ID4ze3l,Nowe dwupoziomowe blisko uniwersytetu medycznego,,rent,6300,61.43,THREE,,,,,,pomorskie,,,
67096272,otodom,https://www.otodom.pl/pl/oferta/posiadamy-na-wynajem-komfortowo-wyposazony-i-wykon-ID4xvNV,"Posiadamy na wynajem,komfortowo wyposażony i wykoń",,rent,4300,48,TWO,,,,,,pomorskie,,,
67669620,otodom,https://www.otodom.pl/pl/oferta/3-pokoje-z-balkonem-miejscem-w-hali-i-piwnica-ID4zWXu,"3 pokoje z balkonem, miejscem w hali i piwnicą!",,rent,3600,65.11,THREE,,,,,,pomorskie,,,
96779838500067,otodom,https://www.otodom.pl/pl/oferta/2-pokojowe-mieszkanie-10-min-od-plazy-ID4Atsl,2 pokojowe mieszkanie 10 min. od plaży,,rent,3400,45.3,TWO,,,,,,pomorskie,,,
67658509,otodom,https://www.otodom.pl/pl/oferta/srodmiescie-3-osobne-pokoje-nieumeblowane-ID4zT4h,Śródmieście 3 osobne pokoje nieumeblowane,,rent,4000,66,THREE,,,,,,pomorskie,,,
67657572,otodom,https://www.otodom.pl/pl/oferta/mieszkanie-na-wynajem-przymorze-sauna-silownia-ID4zSPa,"Mieszkanie na wynajem Przymorze| Sauna, Siłownia,",,rent,4700,63,TWO,,,,,,pomorskie,,,
67404522,otodom,https://www.otodom.pl/pl/oferta/posiadamy-do-wynajecia-atrakcyjny-apartament-2-pok-w-srodmiesciu-ID4yOZI,Posiadamy do wynajęcia atrakcyjny apartament 2 pok.w Śródmieściu.,,rent,3000,40.73,TWO,,,,,,pomorskie,,,
67645720,otodom,https://www.otodom.pl/pl/oferta/stare-miasto-ul-swietojanska-antresola-ID4zPK0,"Stare Miasto, ul. Świętojańska |  antresola",,rent,3000,41.3,TWO,,,,,,pomorskie,,,
67178043,otodom,https://www.otodom.pl/pl/oferta/2-bedroom-amenities-at-the-building-felexible-re-ID4xS4P,"2 bedroom, Amenities at the building, felexible re",,rent,3600,52,THREE,,,,,,pomorskie,,,
67634661,otodom,https://www.otodom.pl/pl/oferta/2-pokoje-gdansk-wrzeszcz-blisko-pkm-ID4zMRD,2 pokoje - Gdańsk Wrzeszcz blisko Pkm!,,rent,2200,35.5,TWO,,,,,,pomorskie,,,
66949489,otodom,https://www.otodom.pl/pl/oferta/de-facto-nieruchomosci-apartament-nad-morzem-ul-jelitkowski-dwor-ID4vUCt,DE FACTO NIERUCHOMOŚCI - APARTAMENT NAD MORZEM UL. JELITKOWSKI DWÓR,,rent,4500,65,THREE,,,,,,pomorskie,,,
66254958,otodom,https://www.otodom.pl/pl/oferta/wyjatkowy-dom-z-widokiem-na-martwa-wisle-ID4tZVm,Wyjątkowy dom z widokiem na Martwą Wisłę,,rent,9000,100,FOUR,,,,,,pomorskie,,,
67613689,otodom,https://www.otodom.pl/pl/oferta/mieszkanie-w-centrum-wrzeszcza-ID4zHpn,Mieszkanie W Centrum Wrzeszcza!,,rent,1900,22,ONE,,,,,,pomorskie,,,
67606532,otodom,https://www.otodom.pl/pl/oferta/albatross-towers-3-pokoje-z-widokiem-na-morze-ID4zFxV,Albatross Towers | 3 Pokoje z widokiem na morze,,rent,4200,68,THREE,,,,,,pomorskie,,,
67604217,otodom,https://www.otodom.pl/pl/oferta/mieszkanie-2-pokoje-ul-jaglana-6-srodmiescie-15-minut-od-skm-ID4zEVB,"Mieszkanie 2-pokoje, ul. Jaglana 6,Śródmieście,15 minut od SKM",,rent,3550,40,TWO,,,,,,pomorskie,,,
67572438,otodom,https://www.otodom.pl/pl/oferta/mieszkanie-gdansk-z-ogrodkiem-blisko-sklepow-ap-ID4zvG2,"Mieszkanie Gdańsk z ogródkiem – blisko sklepów, ap",,rent,3150,44,TWO,,,,,,pomorskie,,,
67569744,otodom,https://www.otodom.pl/pl/oferta/serce-starego-miasta-3-pokoje-ID4zwYA,Serce Starego Miasta - 3 pokoje,,rent,4300,62,THREE,,,,,,pomorskie,,,
66522016,otodom,https://www.otodom.pl/pl/oferta/stylowe-mieszkanie-w-granarii-z-widokiem-na-wode-ID4w7pK,Stylowe mieszkanie w Granarii z widokiem na wodę,,rent,4500,47,TWO,,,,,,pomorskie,,,
67558285,otodom,https://www.otodom.pl/pl/oferta/mieszkanie-2-pokojowe-na-lawendowym-wzgozu-ID4zsZL,Mieszkanie 2 pokojowe na Lawendowym Wzgózu,,rent,2200,35,TWO,,,,,,pomorskie,,,
67389181,otodom,https://www.otodom.pl/pl/oferta/dom-dla-10-osob-przymorze-ID4yL0h,Dom dla 10 osób- Przymorze!,,rent,850,120,FOUR,,,,,,pomorskie,,,
67225459,otodom,https://www.otodom.pl/pl/oferta/spoldzielczo-wlasnosciowe-4-pokoje-ID4y4pB,Spółdzielczo własnościowe - 4 pokoje,,rent,749000,63.56,FOUR,,,,,,pomorskie,,,
67545387,otodom,https://www.otodom.pl/pl/oferta/albatross-towers-apartament-65m2-dwa-balkony-16-ID4zpDJ,"Albatross Towers, Apartament 65m2, dwa balkony,16",,rent,4500,68,THREE,,,,,,pomorskie,,,
67531615,otodom,https://www.otodom.pl/pl/oferta/mieszkanie-gdansk-ID4zm3B,Mieszkanie - Gdańsk,,rent,1000,14,ONE,,,,,,pomorskie,,,
67534397,otodom,https://www.otodom.pl/pl/oferta/sloneczne-3-pokoje-blisko-morza-na-zaspie-ID4zmMt,Słoneczne 3 pokoje blisko morza na Zaspie,,rent,4300,67.4,THREE,,,,,,pomorskie,,,
67501212,otodom,https://www.otodom.pl/pl/oferta/dwupokojowe-mieszkanie-winda-balkon-parking-ul-wielkopolska-ID4ze9e,"Dwupokojowe mieszkanie, winda, balkon, parking, ul. Wielkopolska",,rent,2200,31,TWO,,,,,,pomorskie,,,
67111897,otodom,https://www.otodom.pl/pl/oferta/wysoki-standard-66m2-3-pokoje-balkon-hala-x-2-ID4xARX,"Wysoki Standard 66m2,  3 pokoje balkon hala x 2",,rent,4950,66,THREE,,,,,,pomorskie,,,
67509667,otodom,https://www.otodom.pl/pl/oferta/przytulne-balkon-centrum-12-min-umeblowane-ID4zglB,Przytulne | Balkon | Centrum 12 Min | Umeblowane,,rent,3000,56,THREE,,,,,,pomorskie,,,
67504280,otodom,https://www.otodom.pl/pl/oferta/sloneczna-kawalerka-oliwa-blisko-olivia-centre-ID4zeVI,Słoneczna kawalerka | Oliwa | blisko Olivia Centre,,rent,2400,24,ONE,,,,,,pomorskie,,,
67322487,otodom,https://www.otodom.pl/pl/oferta/nietuzinkowy-apartament-open-space-oliwa-doraco-ID4ytEz,Nietuzinkowy apartament open space Oliwa Doraco,,rent,8000,120,TWO,,,,,,pomorskie,,,
67499548,otodom,https://www.otodom.pl/pl/oferta/nowe-studio-wrzeszcz-2450-zl-calosc-z-oplatami-ID4zdIo,Nowe studio Wrzeszcz - 2450 zł całość z opłatami,,rent,2200,17,ONE,,,,,,pomorskie,,,
67485623,otodom,https://www.otodom.pl/pl/oferta/apartament-gdansk-srodmiescie-doki-ID4za5N,Apartament Gdańsk Śródmieście Doki,,rent,11000,122,FOUR,,,,,,pomorskie,,,
67483217,otodom,https://www.otodom.pl/pl/oferta/bastion-walowa-piekny-widok-w-centrum-gdanska-ID4z9sZ,Bastion Wałowa | piękny widok w centrum Gdańska,,rent,6000,78.28,FOUR,,,,,,pomorskie,,,
67481790,otodom,https://www.otodom.pl/pl/oferta/gdansk-srodmiescie-2-pokoje-ogrod-miejsce-w-hali-ID4z95Y,Gdańsk Śródmieście /2 pokoje/ogród/miejsce w hali,,rent,2950,44.68,TWO,,,,,,pomorskie,,,
67407432,otodom,https://www.otodom.pl/pl/oferta/3-pokojowy-apartament-na-osieldu-doki-z-ogrodkiem-ID4yPKE,3 pokojowy apartament na osieldu Doki z ogródkiem,,rent,4200,53,THREE,,,,,,pomorskie,,,
67468434,otodom,https://www.otodom.pl/pl/oferta/ujescisko-ul-kampinoska-2-pokoje-parking-ID4z5Cy,Ujeścisko ul. Kampinoska / 2-pokoje + parking,,rent,2300,35,TWO,,,,,,pomorskie,,,
67460434,otodom,https://www.otodom.pl/pl/oferta/przestronne-2-osobne-pokoje-z-miejscem-postojowym-ID4z3xv,Przestronne 2 osobne pokoje z miejscem postojowym,,rent,2800,56,TWO,,,,,,pomorskie,,,
67303823,otodom,https://www.otodom.pl/pl/oferta/2-pokoje-3-700-pln-niskie-oplaty-browar-gdanski-bez-prowizji-ID4yoNx,2 pokoje | 3 700 PLN + niskie opłaty | Browar Gdański | Bez prowizji,,rent,3700,39,TWO,,,,,,pomorskie,,,
67275329,otodom,https://www.otodom.pl/pl/oferta/os-pastelowe-balkon-komorka-zielona-okolica-ID4yhnX,"os.Pastelowe, balkon, komórka, zielona okolica",,rent,2600,37,TWO,,,,,,pomorskie,,,
67421539,otodom,https://www.otodom.pl/pl/oferta/2-pokoje-nowe-mieszkanie-51m2-m-hoene-12-ID4yTqb,2 pokoje nowe mieszkanie 51m2 M.Hoene 12,,rent,2500,51.5,TWO,,,,,,pomorskie,,,
67215719,otodom,https://www.otodom.pl/pl/oferta/mieszkanie-z-mp-w-hali-na-nowoczesnym-osiedlu-ID4y1Sw,Mieszkanie z MP w hali na nowoczesnym osiedlu,,rent,3050,39.21,TWO,,,,,,pomorskie,,,
96765850900067,otodom,https://www.otodom.pl/pl/oferta/srodmiescie-3-osobne-pokoje-nieumeblowane-ID4zT4h,Śródmieście 3 osobne pokoje nieumeblowane,,rent,4000,66,THREE,,,,,,pomorskie,,,
67392602,otodom,https://www.otodom.pl/pl/oferta/suchanino-4-osobne-pokoje-dwustronne-ID4yLTs,"Suchanino, 4 osobne pokoje ,dwustronne",,rent,2700,63,FOUR,,,,,,pomorskie,,,
67312222,otodom,https://www.otodom.pl/pl/oferta/3-osobne-pok-garnizon-garaz-2-lazienki-gdansk-ID4yqZ0,3 osobne pok Garnizon Garaż 2 Łazienki Gdańsk,,rent,4900,73,THREE,,,,,,pomorskie,,,
67388534,otodom,https://www.otodom.pl/pl/oferta/kawalerka-na-wynajem-2-800-zl-z-oplatami-ID4yKPQ,Kawalerka na wynajem! 2 800 zł z opłatami!,,rent,2200,33,ONE,,,,,,pomorskie,,,
67297988,otodom,https://www.otodom.pl/pl/oferta/albatross-3-pok-68m2-2-balkony-hala-komorka-ID4ynhq,"Albatross, 3 pok, 68m2, 2 balkony,  hala, komórka",,rent,4500,68,THREE,,,,,,pomorskie,,,
67296531,otodom,https://www.otodom.pl/pl/oferta/przytulne-mieszkanie-z-antresola-w-sercu-gdanska-gnilna-24-ID4ymTW,Przytulne mieszkanie z antresolą w sercu Gdańska – Gnilna 24,,rent,2500,45,TWO,,,,,,pomorskie,,,
67088753,otodom,https://www.otodom.pl/pl/oferta/wyspa-spichrzow-2-pokoje-bardzo-ladne-wyposazone-ID4xuQF,"Wyspa Spichrzów 2 pokoje, bardzo ładne, wyposażone",,rent,3950,52.98,TWO,,,,,,pomorskie,,,
67250810,otodom,https://www.otodom.pl/pl/oferta/mieszkanie-wysoki-standard-3-pokojowe-dlugi-najem-ID4yb0u,Mieszkanie wysoki standard 3 pokojowe -długi najem,,rent,6000,68,THREE,,,,,,pomorskie,,,
67236112,otodom,https://www.otodom.pl/pl/oferta/kompaktowy-apartament-2-pok-ID4y7bq,Kompaktowy apartament - 2 pok.,,rent,3500,45,TWO,,,,,,pomorskie,,,
66418668,otodom,https://www.otodom.pl/pl/oferta/orunia-gorna-ul-krzemowa-15-ID4uGvQ,"Orunia Górna ul. Krzemowa 15,",,rent,2500,50.6,TWO,,,,,,pomorskie,,,
67216193,otodom,https://www.otodom.pl/pl/oferta/posiadamy-do-wynajecia-urzadz-mieszkanie-2-pok-ul-rakoczego-morena-ID4y209,"Posiadamy do wynajęcia  urządz. mieszkanie 2 pok.ul. Rakoczego,Morena.",,rent,2400,44,TWO,,,,,,pomorskie,,,
67189672,otodom,https://www.otodom.pl/pl/oferta/przytulny-apartament-na-wynajem-ID4xW6o,Przytulny Apartament NA Wynajem,,rent,3400,51,TWO,,,,,,pomorskie,,,
67168106,otodom,https://www.otodom.pl/pl/oferta/mieszkanie-do-wynajecia-z-miejscem-post-ID4xPuy,Mieszkanie do wynajęcia z miejscem post.,,rent,2200,29.3,ONE,,,,,,pomorskie,,,
67159636,otodom,https://www.otodom.pl/pl/oferta/nowe-2-osobne-pok-parking-ID4xNhV,"Nowe, 2 osobne pok, parking",,rent,2990,48,TWO,,,,,,pomorskie,,,
66894726,otodom,https://www.otodom.pl/pl/oferta/oferta-wylacznie-dla-studentow-2-pokoje-stan-bdb-ID4vGnc,"Oferta wyłącznie dla studentów, 2 pokoje, stan bdb",,rent,2700,32,TWO,,,,,,pomorskie,,,
67106561,otodom,https://www.otodom.pl/pl/oferta/1-pok-hala-4-oceany-dlugoterminowo-ID4xztT,"1-pok, hala, 4 Oceany, długoterminowo!",,rent,2600,26,ONE,,,,,,pomorskie,,,
67085620,otodom,https://www.otodom.pl/pl/oferta/gdansk-stare-miasto-3-pokoje-garaz-aura-ID4xu28,"Gdańsk Stare Miasto, 3 pokoje + garaż, Aura",,rent,3950,59,THREE,,,,,,pomorskie,,,
65058880,otodom,https://www.otodom.pl/pl/oferta/stylowe-4-pok-z-2-miejscami-parkingowymi-ID4oYMM,Stylowe 4-pok. z 2 miejscami parkingowymi,,rent,4000,71,FOUR,,,,,,pomorskie,,,
67051554,otodom,https://www.otodom.pl/pl/oferta/apartament-2-min-od-motlawy-gdansk-ID4xlaG,Apartament 2 min. od Motławy - Gdańsk!,,rent,2800,32.67,TWO,,,,,,pomorskie,,,
65416236,otodom,https://www.otodom.pl/pl/oferta/pokoje-dla-pracownikow-gdansk-kokoszki-ID4qtKA,Pokoje dla pracowników Gdańsk Kokoszki,,rent,850,300,SIX,,,,,,pomorskie,,,
66924173,otodom,https://www.otodom.pl/pl/oferta/gdansk-stare-miasto-2-pokoje-zabytkowa-kamienica-ID4vO29,Gdańsk Stare Miasto 2 pokoje zabytkowa kamienica,,rent,2400,31,TWO,,,,,,pomorskie,,,
66910527,otodom,https://www.otodom.pl/pl/oferta/osiedle-przy-parku-w-oliwie-2-pokoje-garaz-ID4vKu3,Osiedle przy parku w Oliwie- 2 pokoje + garaż,,rent,3500,46.12,TWO,,,,,,pomorskie,,,
66898356,otodom,https://www.otodom.pl/pl/oferta/mieszkanie-dla-pracownikow-duze-zapraszam-sprawdz-ID4vHjK,Mieszkanie dla pracowników duże zapraszam sprawdz,,rent,2999,81,THREE,,,,,,pomorskie,,,
66889943,otodom,https://www.otodom.pl/pl/oferta/last-call-first-month-free-ostatnia-szansa-p-ID4vF83,Last Call - First month Free / ostatnia szansa - P,,rent,1800,28,TWO,,,,,,pomorskie,,,
66887959,otodom,https://www.otodom.pl/pl/oferta/rezerwacja-wolne-od-1-06-ul-diany-25-ID4vEC3,"Rezerwacja Wolne od 1.06, ul. Diany 25",,rent,3900,57.53,THREE,,,,,,pomorskie,,,
66879129,otodom,https://www.otodom.pl/pl/oferta/long-and-short-term-rental-ID4vCjD,long and short term rental,,rent,2600,17,ONE,,,,,,pomorskie,,,
66879128,otodom,https://www.otodom.pl/pl/oferta/long-short-term-rental-ID4vCjC,long & Short term rental,,rent,4300,40,THREE,,,,,,pomorskie,,,
66849861,otodom,https://www.otodom.pl/pl/oferta/long-short-term-rent-ID4vuHz,Long & short term rent,,rent,2900,25,ONE,,,,,,pomorskie,,,
66733440,otodom,https://www.otodom.pl/pl/oferta/przestronne-2-pokojowy-apartament-nad-morzem-ID4v0pO,Przestronne 2-pokojowy apartament nad morzem,,rent,2990,35,TWO,,,,,,pomorskie,,,
64382723,otodom,https://www.otodom.pl/pl/oferta/posiadamy-do-wynajecia-3-pokojowy-apartament-ul-skiby-gd-stogi-ID4m8T1,"Posiadamy do wynajęcia  3 pokojowy apartament ul.Skiby, Gd. Stogi.",,rent,3300,57,THREE,,,,,,pomorskie,,,
66632978,otodom,https://www.otodom.pl/pl/oferta/gdansk-zaspa-komfortowe-mieszkanie-wspolny-taras-na-dachu-ID4wAhs,Gdańsk Zaspa: komfortowe mieszkanie + wspólny taras na dachu,,rent,1900,19.56,ONE,,,,,,pomorskie,,,
66495534,otodom,https://www.otodom.pl/pl/oferta/czesciowo-umeblowany-apartament-browar-ID4w0vC,Częściowo umeblowany apartament Browar,,rent,4600,63,THREE,,,,,,pomorskie,,,
65003249,otodom,https://www.otodom.pl/pl/oferta/mieszkanie-dla-8-pracownikow-swietna-lokalizacja-ID4oKjw,Mieszkanie dla 8 pracowników - ŚWIETNA LOKALIZACJA,,rent,6400,60,THREE,,,,,,pomorskie,,,
65707949,otodom,https://www.otodom.pl/pl/oferta/gdansk-letnica-nowe-budownictwo-ID4rHDD,Gdańsk Letnica nowe budownictwo,,rent,3900,63,THREE,,,,,,pomorskie,,,
65345019,otodom,https://www.otodom.pl/pl/oferta/ul-kasztanowa-2pok-z-piwnica-od-zaraz-ID4qbdW,"ul. Kasztanowa, 2pok z piwnicą, od zaraz",,rent,2250,43,TWO,,,,,,pomorskie,,,
64791332,otodom,https://www.otodom.pl/pl/oferta/suchanino-ul-kamienskiego-3-pokoje-od-1-06-ID4nRbu,Suchanino ul. Kamieńskiego/ 3-pokoje od 1.06,,rent,3000,56,THREE,,,,,,pomorskie,,,
64638131,otodom,https://www.otodom.pl/pl/oferta/gdansk-zaspa-mieszkanie-2-pokojowe-ID4ndkw,Gdańsk Zaspa mieszkanie 2 pokojowe,,rent,3200,48,TWO,,,,,,pomorskie,,,
96739260200067,otodom,https://www.otodom.pl/pl/oferta/suchanino-4-osobne-pokoje-dwustronne-ID4yLTs,"Suchanino, 4 osobne pokoje ,dwustronne",,rent,2700,63,FOUR,,,,,,pomorskie,,,
64632259,otodom,https://www.otodom.pl/pl/oferta/mieszkanie-gdansk-ID4nbNN,Mieszkanie - Gdańsk,,rent,2500,36,TWO,,,,,,pomorskie,,,
64401216,otodom,https://www.otodom.pl/pl/oferta/3-jasne-pokoje-kuchnia-na-zaspie-ID4mdHi,3 jasne pokoje + kuchnia na Zaspie,,rent,3400,63,THREE,,,,,,pomorskie,,,
64201273,otodom,https://www.otodom.pl/pl/oferta/2-niezalezne-pokoje-osobna-kuchnia-ID4lnGp,2 niezależne pokoje osobna kuchnia,,rent,2700,47.5,TWO,,,,,,pomorskie,,,
63930027,otodom,https://www.otodom.pl/pl/oferta/zabianka-ul-wejhera-2-pokoje-os-mlodych-ID4kf7t,Żabianka ul. Wejhera / 2-pokoje os. Młodych,,rent,2400,33,TWO,,,,,,pomorskie,,,
63687593,otodom,https://www.otodom.pl/pl/oferta/przymorze-ul-malborska-kawalerka-przy-alchemii-obc-ID4je3f,Przymorze ul.Malborska kawalerka przy Alchemii/Obc,,rent,2000,26,ONE,,,,,,pomorskie,,,
63650494,otodom,https://www.otodom.pl/pl/oferta/srodmiescie-ul-lagiewniki-2-pokoje-stare-miasto-ID4j4oS,Śródmieście ul. Łagiewniki /2-pokoje /Stare Miasto,,rent,2700,50,TWO,,,,,,pomorskie,,,
63507161,otodom,https://www.otodom.pl/pl/oferta/orunia-gorn-kazimierza-wielkiego-kawalerka-garaz-ID4it73,Orunia-Górn. Kazimierza Wielkiego Kawalerka+garaż,,rent,2000,28,ONE,,,,,,pomorskie,,,
62786270,otodom,https://www.otodom.pl/pl/oferta/ujescisko-sloneczne-2-pok-osobna-kuchnia-parking-ID4frzM,Ujeścisko/słoneczne 2 pok./osobna kuchnia/parking,,rent,2450,50,TWO,,,,,,pomorskie,,,
61914287,otodom,https://www.otodom.pl/pl/oferta/posiadamy-do-wynajecia-atrakcyjne-mieszkanie-2-pok-u-trawki-gd-wrzesz-ID4bMJx,Posiadamy do wynajęcia atrakcyjne mieszkanie 2 pok.u.Trawki.Gd.Wrzesz.,,rent,2400,50,TWO,,,,,,pomorskie,,,
61897858,otodom,https://www.otodom.pl/pl/oferta/2-pokoje-na-mysliwskiej-parking-sauna-fitness-ID4bIsy,2 pokoje na Myśliwskiej/parking/sauna/fitness,,rent,3000,55,TWO,,,,,,pomorskie,,,
61705403,otodom,https://www.otodom.pl/pl/oferta/posiadamy-do-wynajecia-komfortowo-wyposazony-apart-ID4aUor,Posiadamy do wynajęcia komfortowo wyposażony apart,,rent,3800,63,THREE,,,,,,pomorskie,,,
60687111,otodom,https://www.otodom.pl/pl/oferta/wrzeszcz-ul-srebrniki-3-pokoje-hala-garazowa-ID46Dun,Wrzeszcz ul. Srebrniki /3-pokoje + hala garażowa,,rent,3000,47,THREE,,,,,,pomorskie,,,
59657935,otodom,https://www.otodom.pl/pl/oferta/kawalerka-gdansk-wrzeszcz-ul-chrobrego-96-ID42jKL,Kawalerka Gdańsk Wrzeszcz ul. Chrobrego 96,,rent,9900,32,ONE,,,,,,pomorskie,,,
43134963,otodom,https://www.otodom.pl/pl/oferta/mieszkanie-gdansk-jelitkowo-ID2UZnd,Mieszkanie - Gdańsk Jelitkowo,,rent,7000,76,THREE,,,,,,pomorskie,,,
96463225900067,otodom,https://www.otodom.pl/pl/oferta/mieszkanie-gdansk-ID4nbNN,Mieszkanie - Gdańsk,,rent,2500,36,TWO,,,,,,pomorskie,,,
